Financial Instrument,Coupon,Maturity,Ratings,Issuer Debt/Equity,Issue Date,Time-To-Maturity (TTM),Payment Frequency,Ask,Ask Yield,Duration %  ,Bid,Convexity,
MUNI 341271AD6,1.258,Jul01'25,AA3 (MOODY),,Sep 16 '20,0.94,Semi-Annual,96.480,5.157,,95.010,,
MUNI Unknown 842475P74,0.883,Jul01'25,,,Sep 24 '20,0.94,Semi-Annual,96.147,5.1511000000000005,,94.100,,
MUNI Unknown 013654AD0,5.0,Jul01'25,,,Oct 15 '20,0.94,Semi-Annual,101.996,2.8224,,,,
MUNI 04780MWX3,5.0,Jul01'25,AA3 (MOODY),,Oct 08 '20,0.94,Semi-Annual,102.844,1.9185,,101.121,,
MUNI 790409FG6,5.0,Jul01'25,AA3 (MOODY),,Oct 15 '20,0.94,Semi-Annual,101.754,3.0824000000000003,,,,
MUNI 544647CV0,5.0,Jul01'25,AA2 (MOODY),,Nov 10 '20,0.94,Semi-Annual,102.090,2.7216,,,,
MUNI 05922KH85,5.0,Jul01'25,AA2 (MOODY),,Dec 02 '20,0.94,Semi-Annual,101.849,2.98,,,,
MUNI Unknown 91476PWH7,1.171,Jul01'25,,,Dec 17 '20,0.94,Semi-Annual,96.446,5.1064,,94.362,,
MUNI 343137HF5,5.0,Jul01'25,AA2 (MOODY),,Jan 05 '21,0.94,Semi-Annual,101.696,3.1449000000000003,,,,
MUNI Unknown 45204FFA8,5.0,Jul01'25,,,Dec 30 '20,0.94,Semi-Annual,102.914,1.844,,,,
MUNI 34160KAV2,5.0,Jul01'25,AA1 (MOODY),,Jan 07 '21,0.94,Semi-Annual,103.010,1.743,,,,
MUNI 84247PMF5,5.0,Jul01'25,AA2 (MOODY),,Apr 07 '21,0.94,Semi-Annual,102.239,2.5622000000000003,,,,
MUNI Unknown 977123Z50,5.0,Jul01'25,,,Mar 31 '21,0.94,Semi-Annual,101.952,2.8696,,,,
MUNI Unknown 607763EU9,5.0,Jul01'25,,,Apr 06 '21,0.94,Semi-Annual,101.952,2.8696,,,,
MUNI 658207H57,1.13,Jul01'25,AA1 (MOODY),,Apr 22 '21,0.94,Semi-Annual,96.640,4.8438,,94.324,,
MUNI 574300MT3,5.0,Jul01'25,AA2 (MOODY),,Apr 07 '21,0.94,Semi-Annual,101.760,3.0759000000000003,,,,
MUNI 040664CP7,5.0,Jul01'25,AA2 (MOODY),,Apr 28 '21,0.94,Semi-Annual,101.973,2.847,,,,
MUNI Unknown 550802KL5,5.0,Jul01'25,,,Apr 13 '21,0.94,Semi-Annual,101.470,3.3888000000000003,,,,
MUNI Unknown 0135188H1,5.0,Jul01'25,,,Apr 28 '21,0.94,Semi-Annual,101.991,2.8277,,,,
MUNI Unknown 184150FY1,5.0,Jul01'25,,,Apr 21 '21,0.94,Semi-Annual,101.460,3.3996,,,,
MUNI 567505RP9,5.0,Jul01'25,AA1 (MOODY),,Apr 29 '21,0.94,Semi-Annual,102.993,1.7610000000000001,,,,
MUNI 246154DE5,5.0,Jul01'25,A1 (MOODY),,Apr 29 '21,0.94,Semi-Annual,101.943,2.879,,,,
MUNI 161036SA7,5.0,Jul01'25,AA3 (MOODY),,May 06 '21,0.94,Semi-Annual,101.666,3.1772,,,,
MUNI Unknown 679468A65,4.0,Jul01'25,,,May 20 '21,0.94,Semi-Annual,102.057,1.7735,,,,
MUNI 590545U49,5.0,Jul01'25,AA3 (MOODY),,Jun 17 '21,0.94,Semi-Annual,101.967,2.853,,,,
MUNI Unknown 27627TCA8,3.0,Jul01'25,,,Jun 10 '21,0.94,Semi-Annual,100.090,2.9005,,,,
MUNI 18085PST2,5.0,Jul01'25,AA3 (MOODY),,Jun 30 '21,0.94,Semi-Annual,101.598,3.2510000000000003,,,,
MUNI 386523HW7,5.0,Jul01'25,A1 (MOODY),,Jul 01 '21,0.94,Semi-Annual,101.626,3.2203,,,,
MUNI 343137KH7,5.0,Jul01'25,AA2 (MOODY),,Aug 26 '21,0.94,Semi-Annual,102.855,1.907,,,,
MUNI Unknown 645790NK8,5.0,Jul01'25,,,Sep 15 '21,0.94,Semi-Annual,101.876,2.9512,,,,
MUNI 645790PK6,5.0,Jul01'25,A1 (MOODY),,Sep 30 '21,0.94,Semi-Annual,101.680,3.1621,,,,
MUNI Unknown 68702KAD5,5.0,Jul01'25,,,Nov 04 '21,0.94,Semi-Annual,102.945,1.8117,,,,
MUNI 560551RD7,5.0,Jul01'25,AA3 (MOODY),,Apr 05 '22,0.94,Semi-Annual,102.042,2.773,,,,
MUNI 703023QL8,5.0,Jul01'25,AA3 (MOODY),,Apr 05 '22,0.94,Semi-Annual,102.051,2.7630000000000003,,,,
MUNI 343137MU6,5.0,Jul01'25,AA2 (MOODY),,Apr 14 '22,0.94,Semi-Annual,101.793,3.04,,,,
MUNI 49474FJ43,5.0,Jul01'25,AAA (MOODY),,Apr 14 '22,0.94,Semi-Annual,102.008,2.809,,,,
MUNI 93974EWL6,5.0,Jul01'25,AAA (MOODY),,May 11 '22,0.94,Semi-Annual,102.093,2.718,,,,
MUNI 93974EVU7,5.0,Jul01'25,AAA (MOODY),,May 11 '22,0.94,Semi-Annual,102.128,2.681,,,,
MUNI Unknown 536045DJ3,5.0,Jul01'25,,,Jun 22 '22,0.94,Semi-Annual,101.549,3.3030000000000004,,,,
MUNI 678807RA8,4.0,Jul01'25,AA3 (MOODY),,Jul 01 '22,0.94,Semi-Annual,100.670,3.2655000000000003,,,,
MUNI 161036SX7,5.0,Jul01'25,AA3 (MOODY),,Jun 02 '22,0.94,Semi-Annual,102.873,1.8878000000000001,,,,
MUNI 746189ZP7,5.0,Jul01'25,AAA (MOODY),,Jun 16 '22,0.94,Semi-Annual,102.129,2.6798,,,,
MUNI 741702AC8,5.0,Jul01'25,AAA (MOODY),,May 25 '22,0.94,Semi-Annual,102.064,2.7494,,,,
MUNI 93972AAC0,5.0,Jul01'25,AA1 (MOODY),,Jun 28 '22,0.94,Semi-Annual,102.873,1.8880000000000001,,,,
MUNI 04780MA66,5.0,Jul01'25,AA3 (MOODY),,Jun 23 '22,0.94,Semi-Annual,102.844,1.919,,101.121,,
MUNI 373385LQ4,4.0,Jul01'25,AAA (MOODY),,Jul 07 '22,0.94,Semi-Annual,101.114,2.7845,,100.357,,
MUNI 6473103Y5,5.0,Jul01'25,AA2 (MOODY),,Jun 29 '22,0.94,Semi-Annual,101.923,2.9007,,,,
MUNI 084258CX8,5.0,Jul01'25,AA1 (MOODY),,Jul 07 '22,0.94,Semi-Annual,102.888,1.872,,,,
MUNI 812643WZ3,5.0,Jul01'25,AA2 (MOODY),,Jul 13 '22,0.94,Semi-Annual,101.867,2.9610000000000003,,,,
MUNI 544532FA7,5.0,Jul01'25,AA2 (MOODY),,Jun 30 '22,0.94,Semi-Annual,101.940,2.8824,,,,
MUNI 161045RE1,5.0,Jul01'25,AAA (MOODY),,Sep 14 '22,0.94,Semi-Annual,101.977,2.843,,,,
MUNI 9151158H5,5.0,Jul01'25,AAA (MOODY),,Oct 01 '22,0.94,Semi-Annual,101.781,3.0533,,,,
MUNI Unknown 721876VE7,5.0,Jul01'25,,,Nov 16 '22,0.94,Semi-Annual,102.004,2.8138,,,,
MUNI Unknown 267169GY0,5.0,Jul01'25,,,Dec 08 '22,0.94,Semi-Annual,101.770,3.0652000000000004,,,,
MUNI 544532GA6,5.0,Jul01'25,AA2 (MOODY),,Dec 01 '22,0.94,Semi-Annual,102.130,2.6788000000000003,,,,
MUNI 80330QCP8,5.0,Jul01'25,AA2 (MOODY),,Dec 15 '22,0.94,Semi-Annual,102.874,1.8868,,,,
MUNI 544525M88,5.0,Jul01'25,AA2 (MOODY),,Dec 28 '22,0.94,Semi-Annual,102.185,2.6199000000000003,,,,
MUNI 65000BWR5,5.0,Jul01'25,AA2 (MOODY),,Oct 08 '15,0.94,Semi-Annual,101.915,2.9093,,,,
MUNI 567438VA1,5.0,Jul01'25,AA1 (MOODY),,Jan 31 '23,0.94,Semi-Annual,101.849,2.98,,,,
MUNI Unknown 678841LK1,3.0,Jul01'25,,,Mar 01 '23,0.94,Semi-Annual,99.930,3.075,,,,
MUNI 8014952T8,5.0,Jul01'25,AAA (MOODY),,Mar 23 '23,0.94,Semi-Annual,102.109,2.701,,,,
MUNI Unknown 91476PXW3,5.0,Jul01'25,,,Apr 06 '23,0.94,Semi-Annual,102.829,1.9340000000000002,,,,
MUNI 544525Q76,5.0,Jul01'25,AA2 (MOODY),,Jun 01 '23,0.94,Semi-Annual,102.104,2.7070000000000003,,,,
MUNI 373385LZ4,5.0,Jul01'25,AAA (MOODY),,Jul 12 '23,0.94,Semi-Annual,101.870,2.9576000000000002,,101.269,,
MUNI 181070FB4,5.0,Jul01'25,AA1 (MOODY),,Jul 18 '23,0.94,Semi-Annual,101.954,2.8674,,,,
MUNI Unknown 438687XE0,5.0,Jul01'25,,,Aug 24 '23,0.94,Semi-Annual,102.029,2.787,,,,
MUNI 040654YF6,5.0,Jul01'25,AA1 (MOODY),,Sep 20 '23,0.94,Semi-Annual,102.043,2.7720000000000002,,,,
MUNI 797356HZ8,5.0,Jul01'25,AA2 (MOODY),,Oct 04 '23,0.94,Semi-Annual,102.100,2.7109,,,,
MUNI 567137U93,5.0,Jul01'25,AAA (MOODY),,Oct 26 '23,0.94,Semi-Annual,101.694,3.1470000000000002,,,,
MUNI 544647GG9,5.0,Jul01'25,AA2 (MOODY),,Nov 07 '23,0.94,Semi-Annual,102.054,2.7602,,,,
MUNI 84247PMP3,5.0,Jul01'25,AA2 (MOODY),,Nov 14 '23,0.94,Semi-Annual,102.207,2.5964,,,,
MUNI 66528PBF4,5.0,Jul01'25,A1 (MOODY),,Mar 07 '24,0.94,Semi-Annual,101.700,3.141,,,,
MUNI 567389ZG9,5.0,Jul01'25,AAA (MOODY),,Mar 07 '24,0.94,Semi-Annual,102.004,2.8138,,,,
MUNI 567505RS3,5.0,Jul01'25,AA1 (MOODY),,Mar 21 '24,0.94,Semi-Annual,102.993,1.7609000000000001,,,,
MUNI 817409Q32,5.0,Jul01'25,AAA (MOODY),,Apr 03 '24,0.94,Semi-Annual,102.101,2.71,,,,
MUNI 18085PTB0,5.0,Jul01'25,AA2 (MOODY),,Apr 02 '24,0.94,Semi-Annual,101.928,2.8953,,,,
MUNI Unknown 438689QL8,5.0,Jul01'25,,,Apr 03 '24,0.94,Semi-Annual,102.020,2.7966,,,,
MUNI Unknown 9771234K1,5.0,Jul01'25,,,Apr 09 '24,0.94,Semi-Annual,101.870,2.9576000000000002,,,,
MUNI Unknown 721864FD3,5.0,Jul01'25,,,Apr 24 '24,0.94,Semi-Annual,101.589,3.2600000000000002,,,,
MUNI 544647HG8,5.0,Jul01'25,AA2 (MOODY),,Apr 30 '24,0.94,Semi-Annual,102.082,2.7302,,,,
MUNI 6860872U0,5.314,Jul01'25,AA2 (MOODY),,May 22 '24,0.94,Semi-Annual,100.497,4.761,,,,
MUNI 343137SD8,6.0,Jul01'25,AA2 (MOODY),,Jun 04 '24,0.94,Semi-Annual,102.858,2.8810000000000002,,,,
MUNI 29270C6A8,5.0,Jul01'25,AA1 (MOODY),,May 22 '24,0.94,Semi-Annual,102.222,2.5739,,,,
MUNI 544525W38,5.0,Jul01'25,AA2 (MOODY),,May 24 '24,0.94,Semi-Annual,102.255,2.545,,,,
MUNI 84247PNE7,5.0,Jul01'25,AA2 (MOODY),,Jun 04 '24,0.94,Semi-Annual,102.287,2.5066,,,,
MUNI Unknown 438687C52,4.95,Jul01'25,,,Jul 24 '24,0.94,Semi-Annual,100.205,4.727,,,,
MUNI 92774GKS3,5.0,Jul15'25,AA1 (MOODY),,Jun 25 '15,0.98,Semi-Annual,101.952,2.9533,,,,
MUNI 64972HWP3,4.0,Jul15'25,AA2 (MOODY),,Jun 25 '15,0.98,Semi-Annual,101.123,2.8235,,,,
MUNI 834664Z23,5.0,Jul15'25,AAA (MOODY),,Sep 03 '15,0.98,Semi-Annual,102.198,2.7,,,,
MUNI 2487752U1,5.0,Jul15'25,AAA (MOODY),,Apr 15 '16,0.98,Semi-Annual,102.048,2.8543000000000003,,,,
MUNI Unknown 67950RCU1,2.375,Jul15'25,,,Apr 20 '16,0.98,Semi-Annual,99.507,2.891,,,,
MUNI Unknown 837489LM3,4.0,Jul15'25,,,Apr 26 '16,0.98,Semi-Annual,101.124,2.8224,,,,
MUNI 652282BN3,5.0,Jul15'25,AA1 (MOODY),,Jun 02 '16,0.98,Semi-Annual,102.052,2.85,,,,
MUNI Unknown 590252QC9,5.0,Jul15'25,,,Aug 17 '16,0.98,Semi-Annual,102.799,2.084,,,,
MUNI 57584XXT3,5.0,Jul15'25,AAA (MOODY),,Oct 20 '16,0.98,Semi-Annual,103.026,1.853,,,,
MUNI Unknown 183595BE6,5.0,Jul15'25,,,Nov 30 '16,0.98,Semi-Annual,102.737,2.1476,,,,
MUNI Unknown 92555RAH9,5.0,Jul15'25,,,Jan 01 '17,0.98,Semi-Annual,101.949,2.9564000000000004,,,,
MUNI 7417013Z7,5.0,Jul15'25,AAA (MOODY),,Sep 12 '17,0.98,Semi-Annual,102.175,2.7235,,,,
MUNI Unknown 624738BJ8,5.0,Jul15'25,,,Dec 12 '17,0.98,Semi-Annual,102.766,2.118,,,,
MUNI Unknown 349242GL5,5.0,Jul15'25,,,Dec 19 '17,0.98,Semi-Annual,102.779,2.1048,,,,
MUNI 73723RYH0,5.0,Jul15'25,AA2 (MOODY),,Dec 21 '17,0.98,Semi-Annual,102.029,2.8739000000000003,,,,
MUNI 64972HM25,5.0,Jul15'25,AA2 (MOODY),,Mar 22 '18,0.98,Semi-Annual,102.081,2.8200000000000003,,,,
MUNI 7417014N3,5.0,Jul15'25,AAA (MOODY),,May 15 '18,0.98,Semi-Annual,103.038,1.8412000000000002,,,,
MUNI 73358WU77,5.0,Jul15'25,AA3 (MOODY),,May 04 '18,0.98,Semi-Annual,103.030,1.8493000000000002,,,,
MUNI Unknown 276503DX4,4.0,Jul15'25,,,Jun 13 '18,0.98,Semi-Annual,100.934,3.0199000000000003,,,,
MUNI 442403NA5,5.0,Jul15'25,AAA (MOODY),,Jun 27 '18,0.98,Semi-Annual,101.980,2.924,,,,
MUNI 64972HW99,5.0,Jul15'25,AA2 (MOODY),,Oct 25 '18,0.98,Semi-Annual,102.169,2.73,,,,
MUNI Unknown 45527CAP7,5.0,Jul15'25,,,Nov 21 '18,0.98,Semi-Annual,101.823,3.087,,,,
MUNI Unknown 978879KY9,3.0,Jul15'25,,,Mar 20 '19,0.98,Semi-Annual,99.808,3.201,,,,
MUNI 2487755Z7,5.0,Jul15'25,AAA (MOODY),,May 15 '19,0.98,Semi-Annual,101.894,3.0130000000000003,,,,
MUNI 7417015H5,5.0,Jul15'25,AAA (MOODY),,May 22 '19,0.98,Semi-Annual,102.146,2.7533000000000003,,,,
MUNI 70914PP89,5.0,Jul15'25,AA3 (MOODY),,Jun 26 '19,0.98,Semi-Annual,101.870,3.0380000000000003,,101.269,,
MUNI Unknown 377784FU2,2.0,Jul15'25,,,Jul 16 '19,0.98,Semi-Annual,98.824,3.2350000000000003,,,,
MUNI Unknown 825502C96,5.0,Jul15'25,,,Jul 18 '19,0.98,Semi-Annual,102.281,2.6145,,,,
MUNI 416489WF5,5.0,Jul15'25,AA2 (MOODY),,Aug 08 '19,0.98,Semi-Annual,102.160,2.7389,,,,
MUNI 64972H2S0,5.0,Jul15'25,AA2 (MOODY),,Oct 30 '19,0.98,Semi-Annual,103.058,1.8209000000000002,,,,
MUNI Unknown 987238AZ5,5.0,Jul15'25,,,Dec 12 '19,0.98,Semi-Annual,102.757,2.1270000000000002,,,,
MUNI Unknown 054071LB9,4.0,Jul15'25,,,May 05 '20,0.98,Semi-Annual,101.792,2.1326,,,,
MUNI 271281YT8,2.0,Jul15'25,AA1 (MOODY),,Jul 16 '20,0.98,Semi-Annual,98.264,3.83,,,,
MUNI Unknown 844760HP6,4.0,Jul15'25,,,Oct 01 '20,0.98,Semi-Annual,100.864,3.093,,,,
MUNI Unknown 978879NG5,0.895,Jul15'25,,,Dec 29 '20,0.98,Semi-Annual,96.216,4.917,,93.898,,
MUNI Unknown 261399YK9,5.0,Jul15'25,,,Apr 22 '21,0.98,Semi-Annual,102.104,2.797,,,,
MUNI 20772KNM7,5.0,Jul15'25,AA3 (MOODY),,Aug 03 '21,0.98,Semi-Annual,101.920,2.9864,,101.269,,
MUNI Unknown 658731KZ6,2.0,Jul15'25,,,Jul 15 '21,0.98,Semi-Annual,99.100,2.9428,,,,
MUNI 35907FED4,2.0,Jul15'25,AA3 (MOODY),,Jul 20 '21,0.98,Semi-Annual,98.677,3.391,,,,
MUNI 64972H5E8,0.91,Jul15'25,AA2 (MOODY),,Jul 22 '21,0.98,Semi-Annual,96.070,5.0925,,93.973,,
MUNI Unknown 944048EF0,3.0,Jul15'25,,,Nov 10 '21,0.98,Semi-Annual,100.445,2.535,,,,
MUNI Unknown 228485KR8,5.0,Jul15'25,,,Nov 18 '21,0.98,Semi-Annual,101.937,2.9688000000000003,,,,
MUNI 672240XE3,5.0,Jul15'25,AA1 (MOODY),,Mar 10 '22,0.98,Semi-Annual,102.192,2.706,,,,
MUNI Unknown 45527CBZ4,5.0,Jul15'25,,,Mar 31 '22,0.98,Semi-Annual,101.839,3.0701,,,,
MUNI 375280LZ5,5.0,Jul15'25,AAA (MOODY),,May 24 '22,0.98,Semi-Annual,102.110,2.7904,,,,
MUNI Unknown 37530ABN7,5.0,Jul15'25,,,Jun 14 '22,0.98,Semi-Annual,102.057,2.845,,,,
MUNI 64972H7P1,5.0,Jul15'25,AA2 (MOODY),,Jul 26 '18,0.98,Semi-Annual,103.058,1.8209000000000002,,,,
MUNI Unknown 721305EP1,4.0,Jul15'25,,,Oct 27 '22,0.98,Semi-Annual,101.891,2.031,,,,
MUNI Unknown 274536KU4,5.0,Jul15'25,,,Dec 21 '22,0.98,Semi-Annual,102.795,2.088,,,,
MUNI Unknown 228485LM8,5.0,Jul15'25,,,Apr 20 '23,0.98,Semi-Annual,101.742,3.1705,,99.500,,
MUNI 496134MG9,4.0,Jul15'25,AAA (MOODY),,Jul 20 '23,0.98,Semi-Annual,101.115,2.8320000000000003,,,,
MUNI Unknown 349242PQ4,5.0,Jul15'25,,,Feb 08 '24,0.98,Semi-Annual,101.588,3.33,,,,
MUNI Unknown 616021PB1,5.0,Jul15'25,,,May 30 '24,0.98,Semi-Annual,102.091,2.81,,,,
MUNI Unknown 11609SBN9,5.0,Jul15'25,,,Jul 17 '24,0.98,Principal at Maturity,101.424,3.486,,,,
MUNI 276083PE6,5.0,Jul15'25,AAA (MOODY),,Jul 30 '24,0.98,Principal at Maturity,102.122,2.728,,,,
MUNI Unknown 118007DM2,5.0,Jul15'25,,,Jul 25 '24,0.98,Principal at Maturity,101.921,2.967,,,,
MUNI Unknown 979098ER7,4.0,Jul15'25,,,Jul 25 '24,0.98,Semi-Annual,101.160,2.7751,,,,
MUNI Unknown 970599HY5,5.0,Jul15'25,,,Jul 31 '24,0.98,Principal at Maturity,101.820,2.9934000000000003,,,,
MUNI 806640LJ5,5.0,Aug01'25,AAA (MOODY),,Aug 01 '01,1.02,Semi-Annual,102.980,2.031,,,,
MUNI 40450TAT4,5.0,Aug01'25,AA2 (MOODY),,Oct 04 '07,1.02,Semi-Annual,102.102,2.8920000000000003,,,,
MUNI 5741926N5,4.35,Aug01'25,AAA (MOODY),,Aug 10 '10,1.02,Semi-Annual,103.500,0.8933000000000001,,97.066,,
MUNI Unknown 232723HV1,6.65,Aug01'25,,,Apr 21 '11,1.02,Semi-Annual,105.000,1.6821000000000002,,99.308,,
MUNI 399262HD9,5.479,Aug01'25,AA2 (MOODY),,May 25 '11,1.02,Semi-Annual,103.000,2.48,,98.166,,
MUNI 741751T50,5.0,Aug01'25,AAA (MOODY),,Feb 29 '12,1.02,Semi-Annual,102.169,2.8259000000000003,,,,
MUNI 786091AG3,7.25,Aug01'25,A1 (MOODY),,Oct 30 '13,1.02,Semi-Annual,101.384,5.83,,99.698,,
MUNI 696550YP1,5.0,Aug01'25,AA3 (MOODY),,Jun 27 '14,1.02,Semi-Annual,101.891,3.101,,,,
MUNI 57582P7C8,5.0,Aug01'25,AA1 (MOODY),,Sep 24 '14,1.02,Semi-Annual,102.154,2.841,,101.431,,
MUNI 696550ZF2,5.0,Aug01'25,AA3 (MOODY),,Jan 14 '15,1.02,Semi-Annual,103.015,1.9971,,,,
MUNI 677522CB8,5.0,Aug01'25,AAA (MOODY),,Jan 29 '15,1.02,Semi-Annual,102.010,2.9828,,,,
MUNI 34160PDS5,5.0,Aug01'25,AA1 (MOODY),,Jan 29 '15,1.02,Semi-Annual,102.044,2.9493,,,,
MUNI 617307DF7,5.0,Aug01'25,AA3 (MOODY),,Mar 26 '15,1.02,Semi-Annual,101.889,3.103,,,,
MUNI 720356D35,5.0,Aug01'25,AAA (MOODY),,Apr 16 '15,1.02,Semi-Annual,102.134,2.8604000000000003,,,,
MUNI 426056E37,5.0,Aug01'25,AAA (MOODY),,Mar 31 '15,1.02,Semi-Annual,102.189,2.8062,,,,
MUNI 73723RUQ4,5.0,Aug01'25,AA2 (MOODY),,Apr 07 '15,1.02,Semi-Annual,102.102,2.8920000000000003,,,,
MUNI 697511DD2,5.0,Aug01'25,AA2 (MOODY),,Apr 08 '15,1.02,Semi-Annual,103.171,1.8454000000000002,,,,
MUNI 134159UV2,2.5,Aug01'25,AA1 (MOODY),,Apr 21 '15,1.02,Semi-Annual,99.279,3.224,,,,
MUNI 916672UN6,5.0,Aug01'25,A1 (MOODY),,Mar 15 '15,1.02,Semi-Annual,102.798,2.2087,,,,
MUNI 698118DJ2,5.0,Aug01'25,AA2 (MOODY),,Apr 23 '15,1.02,Semi-Annual,103.208,1.8094000000000001,,,,
MUNI 54438CUT7,5.0,Aug01'25,AAA (MOODY),,Jun 03 '15,1.02,Semi-Annual,102.313,2.684,,,,
MUNI 044074DS8,5.0,Aug01'25,AA1 (MOODY),,Jun 11 '15,1.02,Semi-Annual,103.046,1.967,,,,
MUNI Unknown 472466G96,5.0,Aug01'25,,,May 28 '15,1.02,Semi-Annual,102.058,2.935,,,,
MUNI Unknown 851018KN0,5.0,Aug01'25,,,Jun 18 '15,1.02,Semi-Annual,103.106,1.909,,,,
MUNI Unknown 699211KU1,5.0,Aug01'25,,,Jun 23 '15,1.02,Semi-Annual,102.209,2.787,,,,
MUNI 882723XH7,5.0,Aug01'25,AAA (MOODY),,Jun 18 '15,1.02,Semi-Annual,101.956,3.036,,,,
MUNI 545438EL3,5.0,Aug01'25,AA2 (MOODY),,Jun 10 '15,1.02,Semi-Annual,103.233,1.7852000000000001,,,,
MUNI 611594KU5,5.0,Aug01'25,AA3 (MOODY),,Jun 19 '15,1.02,Semi-Annual,102.190,2.8052,,,,
MUNI 68609BNA1,5.0,Aug01'25,AA1 (MOODY),,Jun 18 '15,1.02,Semi-Annual,103.086,1.9280000000000002,,,,
MUNI 010824KJ8,5.0,Aug01'25,AA2 (MOODY),,Jun 18 '15,1.02,Semi-Annual,102.205,2.79,,,,
MUNI 498531FG2,5.0,Aug01'25,AA1 (MOODY),,Jul 01 '15,1.02,Semi-Annual,102.194,2.8013000000000003,,,,
MUNI Unknown 392515AK8,5.0,Aug01'25,,,Jul 16 '15,1.02,Semi-Annual,101.798,3.193,,,,
MUNI 250433SH3,5.0,Aug01'25,AA2 (MOODY),,Jul 22 '15,1.02,Semi-Annual,102.166,2.829,,,,
MUNI 76222RSX1,4.0,Aug01'25,AA2 (MOODY),,Jul 29 '15,1.02,Semi-Annual,101.034,2.9623,,,,
MUNI 368079FY0,5.0,Aug01'25,AA3 (MOODY),,Aug 20 '15,1.02,Semi-Annual,102.264,2.7323,,,,
MUNI 64966LV81,5.0,Aug01'25,AA2 (MOODY),,Aug 13 '15,1.02,Semi-Annual,102.225,2.7707,,,,
MUNI 20772JJ60,5.0,Aug01'25,AA3 (MOODY),,Aug 19 '15,1.02,Semi-Annual,101.770,3.2204,,101.331,,
MUNI 60412ADF7,5.0,Aug01'25,AAA (MOODY),,Aug 19 '15,1.02,Semi-Annual,102.117,2.8772,,101.341,,
MUNI 60412AEB5,5.0,Aug01'25,AAA (MOODY),,Aug 19 '15,1.02,Semi-Annual,102.089,2.9048000000000003,,101.341,,
MUNI 6747358H1,4.0,Aug01'25,AAA (MOODY),,Aug 19 '15,1.02,Semi-Annual,100.845,3.1506000000000003,,,,
MUNI 914468ET6,5.0,Aug01'25,AA1 (MOODY),,Aug 26 '15,1.02,Semi-Annual,102.124,2.8703000000000003,,,,
MUNI 13063CVP2,5.0,Aug01'25,AA2 (MOODY),,Sep 09 '15,1.02,Semi-Annual,102.133,2.8614,,101.391,,
MUNI 64971WWK2,5.0,Aug01'25,AA1 (MOODY),,Sep 29 '15,1.02,Semi-Annual,103.186,1.8308,,,,
MUNI 6072673H2,5.0,Aug01'25,AA1 (MOODY),,Oct 06 '15,1.02,Semi-Annual,101.926,3.0660000000000003,,,,
MUNI 64971WVD9,3.16,Aug01'25,AA1 (MOODY),,Sep 29 '15,1.02,Semi-Annual,98.167,5.0262,,95.868,,
MUNI 797661VG7,5.0,Aug01'25,AAA (MOODY),,Oct 08 '15,1.02,Semi-Annual,101.862,3.129,,,,
MUNI 720653NF7,5.0,Aug01'25,AA2 (MOODY),,Oct 27 '15,1.02,Semi-Annual,101.992,3.0006,,,,
MUNI Unknown 880162DW9,4.0,Aug01'25,,,Sep 15 '15,1.02,Semi-Annual,101.096,2.9010000000000002,,,,
MUNI 93974DQM3,5.0,Aug01'25,AAA (MOODY),,Oct 08 '15,1.02,Semi-Annual,102.217,2.7786,,,,
MUNI 928346NU5,5.0,Aug01'25,AA3 (MOODY),,Oct 20 '15,1.02,Semi-Annual,102.180,2.8151,,,,
MUNI 93974DSG4,5.0,Aug01'25,AAA (MOODY),,Oct 08 '15,1.02,Semi-Annual,102.129,2.8654,,,,
MUNI 93974DRA8,5.0,Aug01'25,AAA (MOODY),,Oct 08 '15,1.02,Semi-Annual,102.234,2.7619000000000002,,,,
MUNI 207758VC4,5.0,Aug01'25,AA3 (MOODY),,Oct 15 '15,1.02,Semi-Annual,102.042,2.9512,,,,
MUNI 207758TX1,5.0,Aug01'25,AA3 (MOODY),,Oct 15 '15,1.02,Semi-Annual,102.097,2.8969,,,,
MUNI 798781XX3,2.963,Aug01'25,AA2 (MOODY),,Oct 15 '15,1.02,Semi-Annual,98.151,4.843100000000001,,,,
MUNI 616794TK9,5.0,Aug01'25,AA3 (MOODY),,Nov 18 '15,1.02,Semi-Annual,102.189,2.8062,,,,
MUNI 880541VL8,5.0,Aug01'25,AAA (MOODY),,Nov 18 '15,1.02,Semi-Annual,102.028,2.9651,,101.441,,
MUNI 802498NS0,5.0,Aug01'25,AA1 (MOODY),,Dec 10 '15,1.02,Semi-Annual,102.095,2.8989000000000003,,,,
MUNI 882723F46,5.0,Aug01'25,AAA (MOODY),,Dec 01 '15,1.02,Semi-Annual,101.770,3.2204,,,,
MUNI Unknown 802853LJ8,2.5,Aug01'25,,,Dec 30 '15,1.02,Semi-Annual,99.769,2.7310000000000003,,,,
MUNI 250375FX5,5.0,Aug01'25,AA1 (MOODY),,Feb 10 '16,1.02,Semi-Annual,102.317,2.6802,,,,
MUNI 779240KA7,5.0,Aug01'25,AAA (MOODY),,Jan 01 '16,1.02,Semi-Annual,102.080,2.914,,,,
MUNI 702528JZ4,5.0,Aug01'25,A1 (MOODY),,Jan 28 '16,1.02,Semi-Annual,101.919,3.073,,,,
MUNI 861419WF2,5.0,Aug01'25,AA3 (MOODY),,Feb 02 '16,1.02,Semi-Annual,102.122,2.8723,,,,
MUNI 9826713Y3,5.0,Aug01'25,A1 (MOODY),,Feb 25 '16,1.02,Semi-Annual,102.942,2.068,,,,
MUNI 774280Q79,5.0,Aug01'25,AA2 (MOODY),,Jan 15 '16,1.02,Semi-Annual,101.932,3.06,,,,
MUNI 915183WK9,5.0,Aug01'25,AA1 (MOODY),,Mar 08 '16,1.02,Semi-Annual,102.164,2.8309,,,,
MUNI 9826714V8,5.0,Aug01'25,A1 (MOODY),,Mar 17 '16,1.02,Semi-Annual,101.740,3.25,,,,
MUNI 64966L5B3,5.0,Aug01'25,AA2 (MOODY),,Mar 10 '16,1.02,Semi-Annual,102.095,2.8989000000000003,,,,
MUNI Unknown 409327HU0,4.0,Aug01'25,,,Mar 17 '16,1.02,Semi-Annual,101.053,2.943,,,,
MUNI 847903JU6,3.0,Aug01'25,A1 (MOODY),,Mar 17 '16,1.02,Semi-Annual,99.659,3.343,,,,
MUNI 901072HM3,5.0,Aug01'25,AA1 (MOODY),,Apr 06 '16,1.02,Semi-Annual,102.105,2.8890000000000002,,,,
MUNI 399262LM4,5.0,Aug01'25,AA2 (MOODY),,Apr 13 '16,1.02,Semi-Annual,102.152,2.8427000000000002,,,,
MUNI 675383PJ6,5.0,Aug01'25,AA3 (MOODY),,Apr 07 '16,1.02,Semi-Annual,103.285,1.7347000000000001,,,,
MUNI Unknown 128019XA9,5.0,Aug01'25,,,Apr 13 '16,1.02,Semi-Annual,103.178,1.8386,,,,
MUNI 92817TGE0,5.0,Aug01'25,AAA (MOODY),,Apr 27 '16,1.02,Semi-Annual,102.136,2.8585000000000003,,,,
MUNI 545624NZ7,5.0,Aug01'25,AA2 (MOODY),,Apr 21 '16,1.02,Semi-Annual,102.186,2.8092,,,,
MUNI Unknown 5464152A7,4.0,Aug01'25,,,Apr 28 '16,1.02,Semi-Annual,100.900,3.0958,,,,
MUNI Unknown 472466K59,5.0,Aug01'25,,,May 17 '16,1.02,Semi-Annual,102.134,2.8600000000000003,,,,
MUNI 652233KJ5,4.0,Aug01'25,AA1 (MOODY),,Jun 21 '16,1.02,Semi-Annual,101.154,2.843,,,,
MUNI Unknown 15276PDA4,5.0,Aug01'25,,,Jun 02 '16,1.02,Semi-Annual,103.157,1.859,,,,
MUNI 139391DQ6,5.0,Aug01'25,AA1 (MOODY),,Jun 08 '16,1.02,Semi-Annual,102.076,2.918,,,,
MUNI Unknown 344640VM6,5.0,Aug01'25,,,Jun 01 '16,1.02,Semi-Annual,103.152,1.8638000000000001,,,,
MUNI 087059ML2,5.0,Aug01'25,AA2 (MOODY),,Jun 16 '16,1.02,Semi-Annual,101.818,3.173,,,,
MUNI 64966MAT6,5.0,Aug01'25,AA2 (MOODY),,May 27 '16,1.02,Semi-Annual,103.105,1.9100000000000001,,,,
MUNI 79730CGQ1,5.0,Aug01'25,AA3 (MOODY),,Jun 23 '16,1.02,Semi-Annual,102.130,2.8644000000000003,,,,
MUNI 616794VG5,5.0,Aug01'25,AA3 (MOODY),,Jun 23 '16,1.02,Semi-Annual,102.198,2.7973000000000003,,,,
MUNI 967222UT5,5.0,Aug01'25,A1 (MOODY),,Jun 01 '16,1.02,Semi-Annual,101.841,3.1500000000000004,,,,
MUNI 0117703X0,5.0,Aug01'25,AA3 (MOODY),,Jun 30 '16,1.02,Semi-Annual,102.046,2.9473000000000003,,,,
MUNI 882723Z28,5.0,Aug01'25,AAA (MOODY),,Jul 14 '16,1.02,Semi-Annual,102.031,2.9621,,,,
MUNI 93974DXP8,5.0,Aug01'25,AAA (MOODY),,Jul 14 '16,1.02,Semi-Annual,102.093,2.9010000000000002,,,,
MUNI 93974DYA0,5.0,Aug01'25,AAA (MOODY),,Jul 14 '16,1.02,Semi-Annual,103.157,1.859,,,,
MUNI 93974DWX2,5.0,Aug01'25,AAA (MOODY),,Jul 14 '16,1.02,Semi-Annual,102.133,2.8614,,,,
MUNI 586807FQ7,4.0,Aug01'25,AA2 (MOODY),,Aug 03 '16,1.02,Semi-Annual,101.340,2.6585,,,,
MUNI 432347MA7,5.0,Aug01'25,AAA (MOODY),,Jul 26 '16,1.02,Semi-Annual,102.099,2.895,,,,
MUNI 455168DS0,5.0,Aug01'25,AAA (MOODY),,Aug 04 '16,1.02,Semi-Annual,102.031,2.9621,,,,
MUNI 645002ZZ2,5.0,Aug01'25,AA2 (MOODY),,Aug 02 '16,1.02,Semi-Annual,102.227,2.769,,,,
MUNI Unknown 694393NZ8,5.0,Aug01'25,,,Aug 04 '16,1.02,Semi-Annual,102.196,2.7993,,,,
MUNI Unknown 60534WCC0,5.0,Aug01'25,,,Jul 29 '16,1.02,Semi-Annual,102.823,2.184,,,,
MUNI Unknown 60534WBY3,5.0,Aug01'25,,,Jul 29 '16,1.02,Semi-Annual,102.923,2.0867,,,,
MUNI 880541WR4,5.0,Aug01'25,AAA (MOODY),,Aug 25 '16,1.02,Semi-Annual,102.187,2.8082000000000003,,101.441,,
MUNI 60412AHC0,5.0,Aug01'25,AAA (MOODY),,Aug 11 '16,1.02,Semi-Annual,102.134,2.8600000000000003,,101.341,,
MUNI 60412AFW8,5.0,Aug01'25,AAA (MOODY),,Aug 11 '16,1.02,Semi-Annual,103.237,1.7810000000000001,,101.341,,
MUNI 60412AGP2,5.0,Aug01'25,AAA (MOODY),,Aug 11 '16,1.02,Semi-Annual,103.237,1.7810000000000001,,101.361,,
MUNI 052430MW2,5.0,Aug01'25,AAA (MOODY),,Aug 31 '16,1.02,Semi-Annual,102.006,2.9868,,,,
MUNI 052430LP8,5.0,Aug01'25,AAA (MOODY),,Aug 31 '16,1.02,Semi-Annual,102.171,2.8240000000000003,,,,
MUNI 052430MJ1,5.0,Aug01'25,AAA (MOODY),,Aug 31 '16,1.02,Semi-Annual,102.014,2.9789000000000003,,,,
MUNI 672325ZR1,5.0,Aug01'25,A1 (MOODY),,Aug 17 '16,1.02,Semi-Annual,102.008,2.9850000000000003,,,,
MUNI 871361MK4,5.0,Aug01'25,AA3 (MOODY),,Aug 30 '16,1.02,Semi-Annual,102.212,2.7835,,,,
MUNI 298191L62,5.0,Aug01'25,AA2 (MOODY),,Sep 07 '16,1.02,Semi-Annual,102.168,2.8269,,,,
MUNI Unknown 117467DP2,5.0,Aug01'25,,,Aug 15 '16,1.02,Semi-Annual,101.677,3.3127,,,,
MUNI Unknown 89658HUD0,5.0,Aug01'25,,,Sep 01 '16,1.02,Semi-Annual,101.910,3.0817,,,,
MUNI Unknown 270083H43,4.0,Aug01'25,,,Aug 01 '16,1.02,Semi-Annual,101.177,2.8201,,,,
MUNI Unknown 896576PL3,5.0,Aug01'25,,,Sep 01 '16,1.02,Semi-Annual,101.871,3.12,,,,
MUNI Unknown 56621VAJ1,4.0,Aug01'25,,,Sep 28 '16,1.02,Semi-Annual,101.853,2.152,,,,
MUNI 928172Q65,5.0,Aug01'25,AA1 (MOODY),,Oct 05 '16,1.02,Semi-Annual,102.121,2.8733,,,,
MUNI 010411BP0,5.0,Aug01'25,AA1 (MOODY),,Oct 06 '16,1.02,Semi-Annual,101.918,3.0740000000000003,,,,
MUNI 951254CH2,5.0,Aug01'25,AA2 (MOODY),,Oct 27 '16,1.02,Semi-Annual,102.259,2.7373000000000003,,,,
MUNI 134041HZ8,5.0,Aug01'25,AA2 (MOODY),,Nov 02 '16,1.02,Semi-Annual,101.919,3.073,,,,
MUNI 839636DW4,5.0,Aug01'25,A1 (MOODY),,Nov 15 '16,1.02,Semi-Annual,102.729,2.2761,,,,
MUNI 13063C4M9,5.0,Aug01'25,AA2 (MOODY),,Nov 03 '16,1.02,Semi-Annual,102.109,2.8850000000000002,,101.391,,
MUNI 797272PR6,5.0,Aug01'25,AA1 (MOODY),,Nov 03 '16,1.02,Semi-Annual,102.342,2.6556,,,,
MUNI 724587AK6,5.0,Aug01'25,AA3 (MOODY),,Nov 15 '16,1.02,Semi-Annual,102.147,2.8476000000000004,,,,
MUNI Unknown 802862AF9,5.0,Aug01'25,,,Nov 08 '16,1.02,Semi-Annual,102.029,2.964,,,,
MUNI Unknown 283065HX1,5.0,Aug01'25,,,Nov 29 '16,1.02,Semi-Annual,103.127,1.8881000000000001,,,,
MUNI 767171PH8,3.0,Aug01'25,A1 (MOODY),,Dec 20 '16,1.02,Semi-Annual,99.999,3.0010000000000003,,,,
MUNI 8913813V5,5.0,Aug01'25,AA2 (MOODY),,Dec 08 '16,1.02,Semi-Annual,103.115,1.8998000000000002,,,,
MUNI Unknown 95330PGF6,4.0,Aug01'25,,,Dec 08 '16,1.02,Semi-Annual,101.158,2.839,,,,
MUNI 64966MHX0,5.0,Aug01'25,AA2 (MOODY),,Apr 01 '08,1.02,Semi-Annual,102.227,2.7688,,,,
MUNI 873884ND8,5.0,Aug01'25,AA1 (MOODY),,Dec 20 '16,1.02,Semi-Annual,102.146,2.8486000000000002,,,,
MUNI 93974DH68,5.0,Aug01'25,AAA (MOODY),,Jan 24 '17,1.02,Semi-Annual,102.242,2.754,,,,
MUNI 812728VK6,5.0,Aug01'25,AAA (MOODY),,Jan 25 '17,1.02,Semi-Annual,102.016,2.9770000000000003,,,,
MUNI 64966MJJ9,5.0,Aug01'25,AA2 (MOODY),,Feb 22 '17,1.02,Semi-Annual,102.134,2.8600000000000003,,,,
MUNI 275282MY4,5.0,Aug01'25,AA3 (MOODY),,Mar 08 '17,1.02,Semi-Annual,102.207,2.7885,,,,
MUNI 399262NJ9,5.0,Aug01'25,AA2 (MOODY),,Mar 01 '17,1.02,Semi-Annual,102.234,2.7619000000000002,,,,
MUNI Unknown 13080SQK3,5.0,Aug01'25,,,Mar 15 '17,1.02,Semi-Annual,101.918,3.0740000000000003,,,,
MUNI Unknown 669402YA1,4.0,Aug01'25,,,Mar 10 '17,1.02,Semi-Annual,102.157,1.8539,,,,
MUNI 148685NF3,5.0,Aug01'25,AA2 (MOODY),,Mar 29 '17,1.02,Semi-Annual,102.237,2.7589,,,,
MUNI 13063C5U0,5.0,Aug01'25,AA2 (MOODY),,Mar 14 '17,1.02,Semi-Annual,102.190,2.8052,,101.391,,
MUNI Unknown 802802AM0,5.0,Aug01'25,,,Mar 23 '17,1.02,Semi-Annual,102.224,2.7717,,,,
MUNI 190335HM4,5.0,Aug01'25,AA1 (MOODY),,Mar 29 '17,1.02,Semi-Annual,102.196,2.7993,,,,
MUNI Unknown 79770GGF7,3.533,Aug01'25,,,Mar 29 '17,1.02,Semi-Annual,102.490,1.0704,,96.270,,
MUNI 839278HS0,5.0,Aug01'25,AA2 (MOODY),,Mar 30 '17,1.02,Semi-Annual,103.234,1.784,,,,
MUNI Unknown 117467FJ4,5.0,Aug01'25,,,Mar 01 '17,1.02,Semi-Annual,102.852,2.156,,,,
MUNI 575829CR5,5.0,Aug01'25,AAA (MOODY),,Apr 13 '17,1.02,Semi-Annual,102.275,2.7215000000000003,,101.431,,
MUNI 426056J57,4.0,Aug01'25,AAA (MOODY),,May 31 '17,1.02,Semi-Annual,101.096,2.9010000000000002,,,,
MUNI 647370HF5,5.0,Aug01'25,AA3 (MOODY),,May 11 '17,1.02,Semi-Annual,101.750,3.2402,,,,
MUNI Unknown 89658HUW8,5.0,Aug01'25,,,May 01 '17,1.02,Semi-Annual,102.051,2.9423000000000004,,,,
MUNI 797661WA9,5.0,Aug01'25,AAA (MOODY),,Jun 01 '17,1.02,Semi-Annual,102.089,2.9050000000000002,,,,
MUNI 350784FX7,5.0,Aug01'25,AA1 (MOODY),,Jun 01 '17,1.02,Semi-Annual,102.133,2.861,,,,
MUNI 882724CG0,5.0,Aug01'25,AAA (MOODY),,Jun 20 '17,1.02,Semi-Annual,101.960,3.032,,,,
MUNI 586807GJ2,5.0,Aug01'25,AA2 (MOODY),,Jun 08 '17,1.02,Semi-Annual,102.400,2.5986000000000002,,,,
MUNI 052430PF6,5.0,Aug01'25,AAA (MOODY),,Jun 21 '17,1.02,Semi-Annual,102.216,2.7796000000000003,,,,
MUNI Unknown 941383PZ8,5.0,Aug01'25,,,Jun 29 '17,1.02,Semi-Annual,103.035,1.9780000000000002,,,,
MUNI Unknown 472466P39,5.0,Aug01'25,,,Jul 20 '17,1.02,Semi-Annual,102.261,2.7350000000000003,,,,
MUNI 540006LN1,5.0,Aug01'25,AA3 (MOODY),,Aug 03 '17,1.02,Semi-Annual,102.106,2.8881,,,,
MUNI 6448004Q4,5.0,Aug01'25,AAA (MOODY),,Aug 15 '17,1.02,Semi-Annual,102.097,2.8970000000000002,,,,
MUNI Unknown 728534VG0,5.0,Aug01'25,,,Aug 24 '17,1.02,Semi-Annual,102.018,2.9749000000000003,,,,
MUNI 953470VQ1,5.0,Aug01'25,AA3 (MOODY),,Aug 29 '17,1.02,Semi-Annual,101.907,3.0847,,,,
MUNI 64966MPC7,5.0,Aug01'25,AA2 (MOODY),,Aug 10 '17,1.02,Semi-Annual,102.148,2.8466,,,,
MUNI 18934VBV5,5.0,Aug01'25,A1 (MOODY),,Aug 16 '17,1.02,Semi-Annual,102.164,2.8309,,,,
MUNI 530319QS4,5.0,Aug01'25,AA2 (MOODY),,Aug 10 '17,1.02,Semi-Annual,103.182,1.8350000000000002,,,,
MUNI 736560PF4,5.0,Aug01'25,AA1 (MOODY),,Aug 17 '17,1.02,Semi-Annual,103.182,1.8350000000000002,,,,
MUNI 798781YM6,5.0,Aug01'25,AA2 (MOODY),,Aug 01 '17,1.02,Semi-Annual,101.970,3.0224,,,,
MUNI 7962376Q3,5.0,Aug01'25,AAA (MOODY),,Aug 01 '17,1.02,Semi-Annual,101.970,3.0220000000000002,,,,
MUNI 919261FL6,5.0,Aug01'25,A1 (MOODY),,Aug 17 '17,1.02,Semi-Annual,101.990,3.0026,,,,
MUNI Unknown 212263AA5,5.0,Aug01'25,,,Aug 16 '17,1.02,Semi-Annual,102.057,2.936,,,,
MUNI 837545LK6,5.0,Aug01'25,AAA (MOODY),,Aug 23 '17,1.02,Semi-Annual,101.890,3.1015,,,,
MUNI 92818HGT2,5.0,Aug01'25,AA1 (MOODY),,Aug 22 '17,1.02,Semi-Annual,102.275,2.7215000000000003,,,,
MUNI 915183YJ0,5.0,Aug01'25,AA1 (MOODY),,Sep 13 '17,1.02,Semi-Annual,102.097,2.8970000000000002,,,,
MUNI 574193PD4,5.0,Aug01'25,AAA (MOODY),,Aug 30 '17,1.02,Semi-Annual,102.090,2.9038,,,,
MUNI 574193PL6,5.0,Aug01'25,AAA (MOODY),,Aug 30 '17,1.02,Semi-Annual,102.093,2.9010000000000002,,,,
MUNI Unknown 70438YAH3,5.0,Aug01'25,,,Aug 31 '17,1.02,Semi-Annual,101.620,3.3693,,,,
MUNI 802615D43,5.0,Aug01'25,AA2 (MOODY),,Oct 05 '17,1.02,Semi-Annual,103.212,1.806,,,,
MUNI Unknown 959215EX8,5.0,Aug01'25,,,Oct 04 '17,1.02,Semi-Annual,101.820,3.1710000000000003,,,,
MUNI 64966MRR2,5.0,Aug01'25,AA2 (MOODY),,Oct 03 '17,1.02,Semi-Annual,102.053,2.94,,,,
MUNI Unknown 448474NZ5,5.0,Aug01'25,,,Oct 12 '17,1.02,Semi-Annual,101.902,3.0900000000000003,,,,
MUNI 93974DR59,5.0,Aug01'25,AAA (MOODY),,Oct 11 '17,1.02,Semi-Annual,102.170,2.8249,,,,
MUNI 93974DN46,5.0,Aug01'25,AAA (MOODY),,Oct 11 '17,1.02,Semi-Annual,102.245,2.7510000000000003,,,,
MUNI 91537PLD5,5.0,Aug01'25,AA3 (MOODY),,Oct 12 '17,1.02,Semi-Annual,102.128,2.8664,,,,
MUNI 13063DDP0,5.0,Aug01'25,AA2 (MOODY),,Oct 26 '17,1.02,Semi-Annual,102.170,2.8249,,101.391,,
MUNI 64971XCD8,5.0,Aug01'25,AA1 (MOODY),,Oct 26 '17,1.02,Semi-Annual,102.163,2.8318000000000003,,,,
MUNI Unknown 835801DZ1,5.0,Aug01'25,,,Nov 02 '17,1.02,Semi-Annual,102.123,2.8713,,,,
MUNI Unknown 829596UA1,5.0,Aug01'25,,,Nov 16 '17,1.02,Semi-Annual,101.949,3.0431000000000004,,,,
MUNI Unknown 801546QB1,5.0,Aug01'25,,,Nov 16 '17,1.02,Semi-Annual,102.288,2.7087000000000003,,,,
MUNI 779240MF4,5.0,Aug01'25,AAA (MOODY),,Nov 01 '17,1.02,Semi-Annual,102.094,2.8999,,,,
MUNI Unknown 829596UU7,5.0,Aug01'25,,,Nov 28 '17,1.02,Semi-Annual,102.028,2.9650000000000003,,,,
MUNI 93974DW53,5.0,Aug01'25,AAA (MOODY),,Dec 07 '17,1.02,Semi-Annual,102.269,2.7274000000000003,,,,
MUNI 542411LX9,5.0,Aug01'25,AA2 (MOODY),,Dec 14 '17,1.02,Semi-Annual,102.037,2.956,,,,
MUNI Unknown 977623WT0,5.0,Aug01'25,,,Nov 28 '17,1.02,Semi-Annual,103.137,1.8784,,,,
MUNI Unknown 752111MQ4,5.0,Aug01'25,,,Dec 01 '17,1.02,Semi-Annual,102.271,2.7254,,,,
MUNI 530574LP5,5.0,Aug01'25,AAA (MOODY),,Dec 01 '17,1.02,Semi-Annual,101.936,3.056,,,,
MUNI 545624PD4,5.0,Aug01'25,AA2 (MOODY),,Dec 19 '17,1.02,Semi-Annual,102.357,2.6408,,,,
MUNI 93974DY36,5.0,Aug01'25,AAA (MOODY),,Dec 20 '17,1.02,Semi-Annual,102.598,2.4043,,,,
MUNI 801181BG2,5.0,Aug01'25,AA1 (MOODY),,Dec 28 '17,1.02,Semi-Annual,102.199,2.7964,,,,
MUNI 798186H88,5.0,Aug01'25,AAA (MOODY),,Dec 19 '17,1.02,Semi-Annual,102.297,2.6999,,,,
MUNI 64966MTR0,5.0,Aug01'25,AA2 (MOODY),,Dec 20 '17,1.02,Semi-Annual,101.954,3.0382000000000002,,,,
MUNI 64966MST7,5.0,Aug01'25,AA2 (MOODY),,Dec 20 '17,1.02,Semi-Annual,102.221,2.775,,,,
MUNI 677522UU6,5.0,Aug01'25,AAA (MOODY),,Dec 21 '17,1.02,Semi-Annual,102.237,2.7589,,,,
MUNI 821697T90,4.0,Aug01'25,A2 (MOODY),,Dec 21 '17,1.02,Semi-Annual,100.967,3.0290000000000004,,,,
MUNI Unknown 798170AZ9,5.0,Aug01'25,,,Dec 21 '17,1.02,Semi-Annual,102.040,2.9532000000000003,,,,
MUNI 01212PAW6,4.0,Aug01'25,AA3 (MOODY),,Dec 28 '17,1.02,Semi-Annual,102.100,1.9098000000000002,,,,
MUNI 01757LFQ4,5.0,Aug01'25,A2 (MOODY),,Dec 21 '17,1.02,Semi-Annual,101.832,3.1590000000000003,,,,
MUNI Unknown 4941347M5,5.0,Aug01'25,,,Dec 21 '17,1.02,Semi-Annual,101.849,3.1420000000000003,,,,
MUNI 988176JF1,5.0,Aug01'25,AA2 (MOODY),,Dec 28 '17,1.02,Semi-Annual,102.214,2.7816,,,,
MUNI 9826717W3,5.0,Aug01'25,A1 (MOODY),,Dec 28 '17,1.02,Semi-Annual,103.782,1.2545000000000002,,,,
MUNI 696550C67,5.0,Aug01'25,AA3 (MOODY),,Dec 26 '17,1.02,Semi-Annual,102.050,2.9433000000000002,,,,
MUNI 882724FE2,5.0,Aug01'25,AAA (MOODY),,Jan 01 '18,1.02,Semi-Annual,102.010,2.9828,,,,
MUNI 052405DG9,5.0,Aug01'25,AA3 (MOODY),,Feb 01 '18,1.02,Semi-Annual,102.010,2.9828,,,,
MUNI 98267AAG4,5.0,Aug01'25,A1 (MOODY),,Feb 27 '18,1.02,Semi-Annual,102.942,2.068,,,,
MUNI 623053BE4,5.0,Aug01'25,AA1 (MOODY),,Feb 14 '18,1.02,Semi-Annual,102.195,2.8000000000000003,,,,
MUNI 696550D74,5.0,Aug01'25,AA3 (MOODY),,Feb 13 '18,1.02,Semi-Annual,101.820,3.1708000000000003,,,,
MUNI 696550E99,5.0,Aug01'25,AA3 (MOODY),,Feb 28 '18,1.02,Semi-Annual,101.902,3.0900000000000003,,,,
MUNI 696550G22,5.0,Aug01'25,AA3 (MOODY),,Feb 28 '18,1.02,Semi-Annual,101.919,3.073,,,,
MUNI 032591SD2,5.0,Aug01'25,AA2 (MOODY),,Apr 19 '18,1.02,Semi-Annual,102.176,2.819,,,,
MUNI Unknown 882854C83,5.0,Aug01'25,,,Apr 26 '18,1.02,Semi-Annual,103.127,1.8881000000000001,,,,
MUNI 64966MA58,5.0,Aug01'25,AA2 (MOODY),,Jul 14 '03,1.02,Semi-Annual,102.190,2.8052,,,,
MUNI 928172Z32,5.0,Aug01'25,AA1 (MOODY),,May 08 '18,1.02,Semi-Annual,102.184,2.811,,,,
MUNI 801155XH0,5.0,Aug01'25,AA3 (MOODY),,May 16 '18,1.02,Semi-Annual,102.282,2.7146000000000003,,,,
MUNI 576051TG1,5.0,Aug01'25,AA1 (MOODY),,May 16 '18,1.02,Semi-Annual,103.186,1.8310000000000002,,,,
MUNI Unknown 678505HE1,4.0,Aug01'25,,,May 31 '18,1.02,Semi-Annual,102.101,1.909,,,,
MUNI 492246RF2,5.0,Aug01'25,AA2 (MOODY),,Jun 28 '18,1.02,Semi-Annual,102.266,2.7304,,,,
MUNI 206849FJ5,4.0,Aug01'25,AA3 (MOODY),,Jun 28 '18,1.02,Semi-Annual,101.125,2.8718000000000004,,,,
MUNI 930876DJ3,5.0,Aug01'25,AA1 (MOODY),,Jun 28 '18,1.02,Semi-Annual,102.097,2.8970000000000002,,,,
MUNI 796269YL6,5.0,Aug01'25,AA2 (MOODY),,Aug 15 '14,1.02,Semi-Annual,101.982,3.011,,,,
MUNI 574193QN1,5.0,Aug01'25,AAA (MOODY),,Aug 15 '18,1.02,Semi-Annual,102.125,2.8693,,,,
MUNI Unknown 516840YD1,5.0,Aug01'25,,,Jul 01 '18,1.02,Semi-Annual,102.091,2.9029000000000003,,,,
MUNI 60412APV9,5.0,Aug01'25,AAA (MOODY),,Aug 21 '18,1.02,Semi-Annual,102.249,2.7471,,101.341,,
MUNI 79623PBC8,5.0,Aug01'25,AAA (MOODY),,Aug 01 '18,1.02,Semi-Annual,102.060,2.9330000000000003,,,,
MUNI 79623PAG0,5.0,Aug01'25,AAA (MOODY),,Aug 01 '18,1.02,Semi-Annual,102.033,2.96,,,,
MUNI 64966MD97,5.0,Aug01'25,AA2 (MOODY),,Aug 22 '18,1.02,Semi-Annual,102.132,2.8624,,,,
MUNI 898242LL4,5.0,Aug01'25,AA2 (MOODY),,Sep 05 '18,1.02,Semi-Annual,101.831,3.16,,,,
MUNI 64971XHC5,5.0,Aug01'25,AA1 (MOODY),,Sep 25 '18,1.02,Semi-Annual,102.138,2.8565,,,,
MUNI Unknown 767171QJ3,5.0,Aug01'25,,,Oct 03 '18,1.02,Semi-Annual,102.010,2.9828,,,,
MUNI 92818HLQ2,5.0,Aug01'25,AA1 (MOODY),,Nov 06 '18,1.02,Semi-Annual,102.073,2.9206000000000003,,,,
MUNI 392546FW2,5.0,Aug01'25,AA2 (MOODY),,Nov 13 '18,1.02,Semi-Annual,102.088,2.9058,,,,
MUNI 367298YM2,5.0,Aug01'25,AAA (MOODY),,Nov 15 '18,1.02,Semi-Annual,102.167,2.8280000000000003,,,,
MUNI 702528KU3,5.0,Aug01'25,A1 (MOODY),,Nov 07 '18,1.02,Semi-Annual,102.985,2.0263,,,,
MUNI 769047JF9,5.0,Aug01'25,AA3 (MOODY),,Nov 27 '18,1.02,Semi-Annual,102.232,2.7640000000000002,,,,
MUNI 64966QBJ8,5.0,Aug01'25,AA2 (MOODY),,Apr 01 '08,1.02,Semi-Annual,102.063,2.9305000000000003,,,,
MUNI 837545MQ2,5.0,Aug01'25,AAA (MOODY),,Dec 19 '18,1.02,Semi-Annual,102.100,2.894,,,,
MUNI 046861D56,4.0,Aug01'25,AA3 (MOODY),,Dec 20 '18,1.02,Semi-Annual,101.925,2.0814,,,,
MUNI 79730CHM9,5.0,Aug01'25,AA3 (MOODY),,Jan 03 '19,1.02,Semi-Annual,102.284,2.7127000000000003,,,,
MUNI Unknown 916675EA5,5.0,Aug01'25,,,Dec 15 '18,1.02,Semi-Annual,101.670,3.3196000000000003,,,,
MUNI 79623PCL7,5.0,Aug01'25,AAA (MOODY),,Jan 01 '19,1.02,Semi-Annual,103.092,1.9220000000000002,,,,
MUNI 732098LP1,5.0,Aug01'25,AA3 (MOODY),,Feb 07 '19,1.02,Semi-Annual,102.041,2.9522,,,,
MUNI 593328EY9,5.0,Aug01'25,A2 (MOODY),,Mar 07 '19,1.02,Semi-Annual,101.737,3.253,,,,
MUNI 9281723H6,5.0,Aug01'25,AA1 (MOODY),,Apr 02 '19,1.02,Semi-Annual,102.112,2.8821000000000003,,,,
MUNI 64966MP94,5.0,Aug01'25,AA2 (MOODY),,Mar 19 '19,1.02,Semi-Annual,102.164,2.831,,,,
MUNI 052430PZ2,5.0,Aug01'25,AAA (MOODY),,Apr 10 '19,1.02,Semi-Annual,102.114,2.8800000000000003,,,,
MUNI Unknown 882854T69,5.0,Aug01'25,,,Apr 24 '19,1.02,Semi-Annual,101.936,3.056,,,,
MUNI Unknown 738034GK7,5.0,Aug01'25,,,Apr 01 '19,1.02,Semi-Annual,102.934,2.076,,,,
MUNI 677765FW4,5.0,Aug01'25,AA1 (MOODY),,Apr 11 '19,1.02,Semi-Annual,103.191,1.826,,,,
MUNI 275282NT4,5.0,Aug01'25,AA3 (MOODY),,Apr 25 '19,1.02,Semi-Annual,102.141,2.8535,,,,
MUNI 779240MX5,5.0,Aug01'25,AAA (MOODY),,Apr 01 '19,1.02,Semi-Annual,102.070,2.9236,,,,
MUNI 249164PM0,5.0,Aug01'25,AAA (MOODY),,May 06 '19,1.02,Semi-Annual,102.092,2.902,,,,
MUNI 92818HNS6,5.0,Aug01'25,AA1 (MOODY),,May 21 '19,1.02,Semi-Annual,102.134,2.8604000000000003,,,,
MUNI Unknown 8800643N8,5.0,Aug01'25,,,May 09 '19,1.02,Semi-Annual,101.940,3.052,,,,
MUNI 90021PDX5,5.0,Aug01'25,AA2 (MOODY),,May 22 '19,1.02,Semi-Annual,103.182,1.8347,,,,
MUNI 767121DT0,5.0,Aug01'25,AA2 (MOODY),,May 22 '19,1.02,Semi-Annual,102.208,2.7875,,,,
MUNI 79905VAF8,5.0,Aug01'25,AA2 (MOODY),,Jun 04 '19,1.02,Semi-Annual,102.082,2.9117,,,,
MUNI 923004SX4,5.0,Aug01'25,AA3 (MOODY),,May 05 '20,1.02,Semi-Annual,102.165,2.83,,,,
MUNI 68609B6Z5,2.65,Aug01'25,AA1 (MOODY),,Jun 04 '19,1.02,Semi-Annual,97.829,4.8580000000000005,,95.366,,
MUNI 68609B7K7,5.0,Aug01'25,AA1 (MOODY),,Jun 04 '19,1.02,Semi-Annual,101.920,3.0718,,,,
MUNI 757710TG3,4.0,Aug01'25,AA2 (MOODY),,Jun 20 '19,1.02,Semi-Annual,100.976,3.02,,,,
MUNI 168520NJ9,4.0,Aug01'25,AA3 (MOODY),,Jun 20 '19,1.02,Semi-Annual,100.996,3.0001,,,,
MUNI 538310J46,4.0,Aug01'25,AA3 (MOODY),,Aug 14 '19,1.02,Semi-Annual,102.197,1.8148000000000002,,,,
MUNI Unknown 424672C84,5.0,Aug01'25,,,Aug 15 '19,1.02,Semi-Annual,102.114,2.8802000000000003,,,,
MUNI 574193RN0,5.0,Aug01'25,AAA (MOODY),,Aug 28 '19,1.02,Semi-Annual,102.207,2.7885,,,,
MUNI 134041JT0,5.0,Aug01'25,AA2 (MOODY),,Sep 04 '19,1.02,Semi-Annual,101.908,3.084,,,,
MUNI Unknown 764507DH9,5.0,Aug01'25,,,Jun 26 '19,1.02,Semi-Annual,102.205,2.79,,,,
MUNI Unknown 802088NP5,5.0,Aug01'25,,,Jul 24 '19,1.02,Semi-Annual,101.957,3.0352,,,,
MUNI 562578NW0,5.0,Aug01'25,AA3 (MOODY),,Aug 01 '19,1.02,Semi-Annual,102.019,2.974,,,,
MUNI 870377JZ2,5.0,Aug01'25,AA3 (MOODY),,Aug 01 '19,1.02,Semi-Annual,101.859,3.132,,,,
MUNI 79623PCS2,5.0,Aug01'25,AAA (MOODY),,Aug 01 '19,1.02,Semi-Annual,103.092,1.9222000000000001,,,,
MUNI 79623PDP7,5.0,Aug01'25,AAA (MOODY),,Aug 01 '19,1.02,Semi-Annual,102.010,2.9828,,,,
MUNI Unknown 292749TL2,5.0,Aug01'25,,,Aug 07 '19,1.02,Semi-Annual,101.901,3.091,,,,
MUNI 93974EAC0,5.0,Aug01'25,AAA (MOODY),,Sep 25 '19,1.02,Semi-Annual,102.279,2.7176,,,,
MUNI Unknown 89658HWQ9,5.0,Aug01'25,,,Oct 01 '19,1.02,Semi-Annual,102.129,2.8654,,,,
MUNI 820195EM3,4.0,Aug01'25,AA2 (MOODY),,Oct 03 '19,1.02,Semi-Annual,102.206,1.806,,,,
MUNI 426056R41,5.0,Aug01'25,AAA (MOODY),,Oct 09 '19,1.02,Semi-Annual,102.195,2.8003,,,,
MUNI 923040GV5,1.991,Aug01'25,AA1 (MOODY),,Oct 31 '19,1.02,Semi-Annual,97.219,4.819,,94.718,,
MUNI 802498VB8,4.0,Aug01'25,AA1 (MOODY),,Nov 06 '19,1.02,Semi-Annual,101.256,2.7417000000000002,,,,
MUNI 432347ND0,5.0,Aug01'25,AAA (MOODY),,Dec 10 '19,1.02,Semi-Annual,102.010,2.9828,,,,
MUNI 645021AF3,5.0,Aug01'25,A1 (MOODY),,Nov 19 '19,1.02,Semi-Annual,101.560,3.4290000000000003,,,,
MUNI 779240NM8,5.0,Aug01'25,AAA (MOODY),,Dec 01 '19,1.02,Semi-Annual,101.910,3.0817,,,,
MUNI Unknown 13034RAC7,4.0,Aug01'25,A1 (MOODY),,Dec 19 '19,1.02,Semi-Annual,101.082,2.915,,,,
MUNI Unknown 74440DCJ1,4.0,Aug01'25,A1 (MOODY),,Dec 31 '19,1.02,Semi-Annual,103.565,0.49000000000000005,,,,
MUNI 623040KL5,2.04,Aug01'25,AA1 (MOODY),,Feb 04 '20,1.02,Semi-Annual,97.147,4.944,,94.766,,
MUNI 040484WH6,5.0,Aug01'25,AA3 (MOODY),,Feb 26 '20,1.02,Semi-Annual,101.900,3.092,,,,
MUNI Unknown 248415WV9,5.0,Aug01'25,,,Feb 01 '20,1.02,Semi-Annual,102.157,2.8378,,,,
MUNI 98267ADD8,4.0,Aug01'25,A1 (MOODY),,Feb 27 '20,1.02,Semi-Annual,101.962,2.0451,,,,
MUNI 564096G66,5.0,Aug01'25,AAA (MOODY),,Mar 12 '20,1.02,Semi-Annual,101.908,3.084,,,,
MUNI 64966QGK0,5.0,Aug01'25,AA2 (MOODY),,Feb 25 '20,1.02,Semi-Annual,102.206,2.789,,101.341,,
MUNI Unknown 360160AG0,5.0,Aug01'25,,,Mar 05 '20,1.02,Semi-Annual,101.899,3.0926,,,,
MUNI 03667PFU1,1.767,Aug01'25,AA2 (MOODY),,Mar 12 '20,1.02,Semi-Annual,97.811,3.9791000000000003,,94.389,,
MUNI 052430QT5,4.0,Aug01'25,AAA (MOODY),,Mar 31 '20,1.02,Semi-Annual,101.251,2.7467,,96.694,,
MUNI 9281725D3,5.0,Aug01'25,AA1 (MOODY),,Apr 23 '20,1.02,Semi-Annual,102.030,2.963,,,,
MUNI 9281726A8,5.0,Aug01'25,AA1 (MOODY),,Apr 23 '20,1.02,Semi-Annual,102.236,2.7599,,,,
MUNI 16532LMM5,5.0,Aug01'25,AAA (MOODY),,Mar 30 '20,1.02,Semi-Annual,102.023,2.97,,,,
MUNI 359796JN0,5.0,Aug01'25,AA2 (MOODY),,Jun 10 '20,1.02,Semi-Annual,103.182,1.8347,,,,
MUNI Unknown 8828542W1,5.0,Aug01'25,,,Jun 02 '20,1.02,Semi-Annual,103.127,1.8881000000000001,,,,
MUNI Unknown 713575XL7,5.0,Aug01'25,,,Jun 10 '20,1.02,Semi-Annual,102.102,2.8920000000000003,,,,
MUNI 117061WJ6,5.0,Aug01'25,AAA (MOODY),,Jul 07 '20,1.02,Semi-Annual,102.124,2.87,,,,
MUNI 796720NR7,1.122,Aug01'25,AA1 (MOODY),,Jul 07 '20,1.02,Semi-Annual,96.226,4.964,,93.864,,
MUNI 523494QP0,5.0,Aug01'25,AA3 (MOODY),,Jun 29 '20,1.02,Semi-Annual,101.999,2.9937,,,,
MUNI 544203JE3,4.0,Aug01'25,AA1 (MOODY),,Jul 14 '20,1.02,Semi-Annual,101.365,2.6337,,,,
MUNI Unknown 423542PP8,5.0,Aug01'25,,,Jul 15 '20,1.02,Semi-Annual,101.987,3.0060000000000002,,,,
MUNI 66702RYE6,5.0,Aug01'25,AAA (MOODY),,Jul 01 '20,1.02,Semi-Annual,101.990,3.003,,,,
MUNI 845389KA2,3.0,Aug01'25,AA2 (MOODY),,Aug 05 '20,1.02,Semi-Annual,100.026,2.974,,,,
MUNI Unknown 494135AQ9,0.964,Aug01'25,,,Aug 18 '20,1.02,Semi-Annual,96.079,4.9554,,93.709,,
MUNI Unknown 292749UH9,1.07,Aug01'25,,,Aug 06 '20,1.02,Semi-Annual,96.180,4.958600000000001,,93.813,,
MUNI 419792YQ3,0.67,Aug01'25,AA2 (MOODY),,Aug 12 '20,1.02,Semi-Annual,95.895,4.845400000000001,,93.420,,
MUNI 250375JV5,0.767,Aug01'25,AA1 (MOODY),,Aug 19 '20,1.02,Semi-Annual,95.800,5.0453,,94.137,,
MUNI 60412ATC7,5.0,Aug01'25,AAA (MOODY),,Aug 25 '20,1.02,Semi-Annual,102.118,2.8762000000000003,,101.341,,
MUNI 576051WS1,5.0,Aug01'25,AA1 (MOODY),,Aug 20 '20,1.02,Semi-Annual,102.154,2.841,,,,
MUNI 797661ZB4,5.0,Aug01'25,AAA (MOODY),,Aug 27 '20,1.02,Semi-Annual,102.299,2.6979,,,,
MUNI 70263FBD2,4.0,Aug01'25,AA3 (MOODY),,Sep 03 '20,1.02,Semi-Annual,102.146,1.8647,,,,
MUNI 79623PGA7,5.0,Aug01'25,AAA (MOODY),,Aug 01 '20,1.02,Semi-Annual,102.019,2.974,,,,
MUNI 079563PX4,5.0,Aug01'25,AA2 (MOODY),,May 04 '21,1.02,Semi-Annual,101.993,3.0,,,,
MUNI 64966QLZ1,5.0,Aug01'25,AA2 (MOODY),,Sep 09 '20,1.02,Semi-Annual,102.093,2.9009,,,,
MUNI 492246RV7,4.0,Aug01'25,AA2 (MOODY),,Sep 15 '20,1.02,Semi-Annual,101.280,2.7179,,,,
MUNI 052430RM9,5.0,Aug01'25,AAA (MOODY),,Sep 23 '20,1.02,Semi-Annual,102.201,2.7944,,,,
MUNI 63877NPG6,5.0,Aug01'25,AA3 (MOODY),,Oct 01 '20,1.02,Semi-Annual,102.214,2.7816,,,,
MUNI 856597GW3,4.0,Aug01'25,AA1 (MOODY),,Oct 01 '20,1.02,Semi-Annual,101.000,2.9961,,,,
MUNI 64966QPM6,5.0,Aug01'25,AA2 (MOODY),,Oct 15 '20,1.02,Semi-Annual,102.068,2.9256,,,,
MUNI 798306XC5,3.0,Aug01'25,AA2 (MOODY),,Oct 29 '20,1.02,Semi-Annual,100.136,2.863,,,,
MUNI Unknown 631298EP7,5.0,Aug01'25,,,Nov 05 '20,1.02,Semi-Annual,102.105,2.8890000000000002,,,,
MUNI 492244FJ2,4.0,Aug01'25,AA2 (MOODY),,Nov 10 '20,1.02,Semi-Annual,102.195,1.8170000000000002,,,,
MUNI 92818HQT1,5.0,Aug01'25,AA1 (MOODY),,Nov 10 '20,1.02,Semi-Annual,102.000,2.9927,,,,
MUNI 726838LT0,5.0,Aug01'25,AA2 (MOODY),,Nov 19 '20,1.02,Semi-Annual,103.200,1.8170000000000002,,,,
MUNI 357155AY6,0.682,Aug01'25,AA2 (MOODY),,Feb 11 '21,1.02,Semi-Annual,95.838,4.9176,,93.432,,
MUNI Unknown 68406PKE0,4.0,Aug01'25,,,Feb 11 '21,1.02,Semi-Annual,100.826,3.1700000000000004,,,,
MUNI Unknown 880162GG1,5.0,Aug01'25,,,Mar 04 '21,1.02,Semi-Annual,101.928,3.064,,,,
MUNI 901072LV8,0.695,Aug01'25,AA1 (MOODY),,Mar 11 '21,1.02,Semi-Annual,95.919,4.846,,92.511,,
MUNI 952734SX0,5.0,Aug01'25,AA2 (MOODY),,Mar 24 '21,1.02,Semi-Annual,102.042,2.9512,,,,
MUNI 013595WE9,5.0,Aug01'25,AA3 (MOODY),,Mar 30 '21,1.02,Semi-Annual,101.941,3.0511000000000004,,,,
MUNI 376087GR7,4.0,Aug01'25,AA3 (MOODY),,Mar 11 '21,1.02,Semi-Annual,102.121,1.889,,,,
MUNI Unknown 095781PU8,4.0,Aug01'25,,,Jul 08 '19,1.02,Semi-Annual,101.835,2.1699,,,,
MUNI 275282QH7,2.0,Aug01'25,AA3 (MOODY),,Apr 28 '21,1.02,Semi-Annual,98.480,3.5300000000000002,,,,
MUNI 345102PG6,0.906,Aug01'25,AAA (MOODY),,Apr 21 '21,1.02,Semi-Annual,99.257,1.6439000000000001,,93.712,,
MUNI Unknown 293641VZ6,4.0,Aug01'25,,,May 18 '21,1.02,Semi-Annual,100.599,3.3970000000000002,,,,
MUNI 68609TT81,0.803,Aug01'25,AA1 (MOODY),,May 12 '21,1.02,Semi-Annual,95.978,4.8954,,93.612,,
MUNI Unknown 829596XH3,0.865,Aug01'25,,,Jun 08 '21,1.02,Semi-Annual,95.973,4.9646,,93.611,,
MUNI 951254CY5,5.0,Aug01'25,AA2 (MOODY),,Jun 22 '21,1.02,Semi-Annual,102.353,2.6448,,,,
MUNI Unknown 701352DW3,3.0,Aug01'25,,,Jul 14 '21,1.02,Semi-Annual,99.723,3.278,,,,
MUNI Unknown 376061AC1,4.0,Aug01'25,,,Jun 30 '21,1.02,Semi-Annual,101.014,2.982,,,,
MUNI 735389N95,5.0,Aug01'25,A1 (MOODY),,Jun 30 '21,1.02,Semi-Annual,101.652,3.3375000000000004,,,,
MUNI 432347NT5,5.0,Aug01'25,AAA (MOODY),,Jul 19 '21,1.02,Semi-Annual,101.996,2.9970000000000003,,,,
MUNI 122241NF5,5.0,Aug01'25,AAA (MOODY),,Jul 21 '21,1.02,Semi-Annual,102.054,2.9394,,,,
MUNI Unknown 547230AD4,4.0,Aug01'25,,,Jul 29 '21,1.02,Semi-Annual,101.002,2.9941,,,,
MUNI 052430SG1,5.0,Aug01'25,AAA (MOODY),,Aug 24 '21,1.02,Semi-Annual,101.991,3.0020000000000002,,,,
MUNI 15722THT1,4.0,Aug01'25,AA2 (MOODY),,Aug 10 '21,1.02,Semi-Annual,101.225,2.7725,,,,
MUNI 168520PF5,4.0,Aug01'25,AA3 (MOODY),,Aug 17 '21,1.02,Semi-Annual,101.134,2.8628,,,,
MUNI 79623PJQ9,5.0,Aug01'25,AAA (MOODY),,Aug 01 '21,1.02,Semi-Annual,102.114,2.8800000000000003,,,,
MUNI 61334PDQ3,5.0,Aug01'25,AAA (MOODY),,Sep 08 '21,1.02,Semi-Annual,102.164,2.831,,,,
