Financial Instrument,Coupon,Maturity,Ratings,Issuer Debt/Equity,Issue Date,Time-To-Maturity (TTM),Payment Frequency,Ask,Ask Yield,Duration %  ,Bid,Convexity,
MUNI 25476FSP4,5.0,Jun01'25,AAA (MOODY),,Dec 20 '16,0.86,Semi-Annual,101.667,3.0010000000000003,,,,
MUNI 760088AZ7,5.0,Jun01'25,A1 (MOODY),,Dec 21 '16,0.86,Semi-Annual,101.404,3.3120000000000003,,,,
MUNI 263868DN8,3.0,Jun01'25,AA2 (MOODY),,Apr 17 '17,0.86,Semi-Annual,98.444,4.8805000000000005,,,,
MUNI 4995128G9,5.0,Jun01'25,AA1 (MOODY),,May 01 '17,0.86,Semi-Annual,101.871,2.7607,,,,
MUNI 83755LZR0,5.0,Jun01'25,AA1 (MOODY),,Jun 06 '17,0.86,Semi-Annual,101.672,2.9949000000000003,,,,
MUNI 150573FH1,5.0,Jun01'25,AA2 (MOODY),,Jun 15 '17,0.86,Semi-Annual,101.753,2.9000000000000004,,,,
MUNI Unknown 53945CHB9,3.044,Jun01'25,,,May 24 '17,0.86,Semi-Annual,101.714,1.0193,,96.401,,
MUNI Unknown 899673CU9,3.0,Jun01'25,,,Jun 01 '17,0.86,Semi-Annual,99.638,3.431,,,,
MUNI 37358MDT5,5.0,Jun01'25,A2 (MOODY),,Aug 01 '17,0.86,Semi-Annual,101.777,2.8713,,,,
MUNI 395468KK6,5.0,Jun01'25,AA1 (MOODY),,Aug 17 '17,0.86,Semi-Annual,101.696,2.967,,,,
MUNI 424898CW2,5.0,Jun01'25,AA2 (MOODY),,Aug 10 '17,0.86,Semi-Annual,102.671,1.8263,,,,
MUNI 030807X30,5.0,Jun01'25,AA1 (MOODY),,Sep 12 '17,0.86,Semi-Annual,101.300,3.4348,,,,
MUNI 758449RD6,5.0,Jun01'25,AA3 (MOODY),,Oct 12 '17,0.86,Semi-Annual,102.731,1.7570000000000001,,,,
MUNI 147051VJ2,5.0,Jun01'25,AAA (MOODY),,Oct 11 '17,0.86,Semi-Annual,101.710,2.95,,,,
MUNI Unknown 94283NCW8,4.0,Jun01'25,,,Oct 19 '17,0.86,Semi-Annual,101.659,2.0254000000000003,,,,
MUNI 086377DD7,5.0,Jun01'25,A2 (MOODY),,Nov 09 '17,0.86,Semi-Annual,101.618,3.059,,,,
MUNI 462326JU4,5.0,Jun01'25,AA3 (MOODY),,Dec 12 '17,0.86,Semi-Annual,101.614,3.063,,,,
MUNI 940157U65,5.0,Jun01'25,AAA (MOODY),,Dec 13 '17,0.86,Semi-Annual,101.788,2.858,,,,
MUNI Unknown 396622LU4,3.0,Jun01'25,,,Dec 07 '17,0.86,Semi-Annual,99.777,3.2640000000000002,,,,
MUNI 272718GQ4,5.0,Jun01'25,AAA (MOODY),,Dec 28 '17,0.86,Semi-Annual,101.878,2.7525,,,,
MUNI 040484RE9,5.0,Jun01'25,AA2 (MOODY),,Feb 14 '18,0.86,Semi-Annual,102.658,1.8414000000000001,,,,
MUNI 517496HB4,4.0,Jun01'25,AA3 (MOODY),,Feb 22 '18,0.86,Semi-Annual,100.858,2.97,,,,
MUNI 517845EJ8,5.0,Jun01'25,AA1 (MOODY),,Mar 06 '18,0.86,Semi-Annual,101.848,2.7877,,,,
MUNI Unknown 799317BW1,5.0,Jun01'25,,,Mar 28 '18,0.86,Semi-Annual,101.937,2.6832000000000003,,,,
MUNI 626524R46,5.0,Jun01'25,AA1 (MOODY),,Apr 10 '18,0.86,Semi-Annual,101.815,2.8266,,,,
MUNI 120525GC8,5.0,Jun01'25,AA1 (MOODY),,Mar 28 '18,0.86,Semi-Annual,101.670,2.9970000000000003,,,,
MUNI Unknown 790807GJ4,5.0,Jun01'25,,,Apr 10 '18,0.86,Semi-Annual,101.690,2.974,,,,
MUNI 180848WT6,5.0,Jun01'25,AA1 (MOODY),,May 01 '18,0.86,Semi-Annual,101.791,2.8548,,,,
MUNI Unknown 57584YGA1,5.0,Jun01'25,,,May 09 '18,0.86,Semi-Annual,102.635,1.868,,,,
MUNI 353204AG5,5.0,Jun01'25,AAA (MOODY),,Jun 05 '18,0.86,Semi-Annual,102.820,1.6540000000000001,,,,
MUNI Unknown 654710SG8,3.5,Jun01'25,,,Jul 06 '18,0.86,Semi-Annual,101.419,1.8136,,,,
MUNI 050589PD6,5.0,Jun01'25,AA2 (MOODY),,Jul 10 '18,0.86,Semi-Annual,101.756,2.8960000000000004,,,,
MUNI 6582563K6,5.0,Jun01'25,AAA (MOODY),,Aug 01 '18,0.86,Semi-Annual,102.912,1.5470000000000002,,,,
MUNI Unknown 652834AG7,5.0,Jun01'25,,,Aug 23 '18,0.86,Semi-Annual,101.563,3.124,,,,
MUNI 56052AA55,5.0,Jun01'25,AA1 (MOODY),,Jul 31 '18,0.86,Semi-Annual,101.617,3.0598,,,,
MUNI Unknown 97709TBR6,5.0,Jun01'25,,,Sep 13 '18,0.86,Semi-Annual,102.812,1.663,,,,
MUNI Unknown 53945CJZ4,5.0,Jun01'25,,,Nov 15 '18,0.86,Semi-Annual,102.189,2.3879,,,,
MUNI 64711N6M2,5.0,Jun01'25,AA1 (MOODY),,Nov 28 '18,0.86,Semi-Annual,101.823,2.8171,,,,
MUNI Unknown 13049UEJ4,5.0,Jun01'25,,,Dec 13 '18,0.86,Semi-Annual,102.142,2.4429000000000003,,,,
MUNI 940157V98,5.0,Jun01'25,AAA (MOODY),,Dec 20 '18,0.86,Semi-Annual,101.600,3.08,,,,
MUNI Unknown 935205SK1,5.0,Jun01'25,,,Jan 30 '19,0.86,Semi-Annual,102.639,1.8635000000000002,,,,
MUNI 517845FX6,5.0,Jun01'25,AA1 (MOODY),,Mar 13 '19,0.86,Semi-Annual,101.843,2.7936,,,,
MUNI 68609TKC1,5.0,Jun01'25,AA1 (MOODY),,Feb 21 '19,0.86,Semi-Annual,101.780,2.8677,,,,
MUNI 266705Q21,5.0,Jun01'25,AAA (MOODY),,Mar 05 '19,0.86,Semi-Annual,101.782,2.865,,,,
MUNI 677660UR1,5.0,Jun01'25,AAA (MOODY),,Mar 14 '19,0.86,Semi-Annual,101.847,2.7889,,,,
MUNI Unknown 802089AC6,5.0,Jun01'25,,,Mar 20 '19,0.86,Semi-Annual,101.641,3.032,,,,
MUNI 9172022G7,4.0,Jun01'25,AA1 (MOODY),,May 08 '19,0.86,Semi-Annual,100.796,3.044,,,,
MUNI Unknown 61074PVA2,5.0,Jun01'25,,,Apr 18 '19,0.86,Semi-Annual,101.870,2.762,,,,
MUNI 161037W93,5.0,Jun01'25,AA2 (MOODY),,Apr 25 '19,0.86,Semi-Annual,102.822,1.651,,,,
MUNI 942833XZ2,5.0,Jun01'25,AA2 (MOODY),,Jun 03 '19,0.86,Semi-Annual,101.634,3.04,,,,
MUNI 86888UBA6,5.0,Jun01'25,AA3 (MOODY),,May 02 '19,0.86,Semi-Annual,102.594,1.9160000000000001,,,,
MUNI 59163PKH5,3.5,Jun01'25,AAA (MOODY),,May 15 '19,0.86,Semi-Annual,98.907,4.8184000000000005,,96.741,,
MUNI Unknown 559805CU8,4.0,Jun01'25,,,Jun 11 '19,0.86,Semi-Annual,100.645,3.2230000000000003,,,,
MUNI 426556AF3,5.0,Jun01'25,A1 (MOODY),,May 29 '19,0.86,Semi-Annual,101.478,3.224,,,,
MUNI Unknown 59656NF72,3.0,Jun01'25,,,Jun 06 '19,0.86,Semi-Annual,99.997,3.0010000000000003,,,,
MUNI 802254EY4,4.0,Jun01'25,A1 (MOODY),,Jun 13 '19,0.86,Semi-Annual,100.656,3.21,,,,
MUNI 56052AC20,5.0,Jun01'25,AA1 (MOODY),,Jun 26 '19,0.86,Semi-Annual,101.699,2.963,,,,
MUNI 6582564E9,5.0,Jun01'25,AAA (MOODY),,Sep 19 '19,0.86,Semi-Annual,101.962,2.654,,,,
MUNI 7867025Y2,5.0,Jun01'25,AA2 (MOODY),,Sep 26 '19,0.86,Semi-Annual,101.622,3.0540000000000003,NoMD,NoMD,NoMD,
MUNI 967245QR5,4.5,Jun01'25,AA2 (MOODY),,Oct 01 '19,0.86,Semi-Annual,101.256,2.9930000000000003,,,,
MUNI 188864G30,3.0,Jun01'25,AA1 (MOODY),,Oct 15 '19,0.86,Semi-Annual,99.722,3.33,,,,
MUNI 158249LL4,4.0,Jun01'25,AA2 (MOODY),,Oct 15 '19,0.86,Semi-Annual,101.656,2.0289,,,,
MUNI 517845GP2,5.0,Jun01'25,AA1 (MOODY),NoMD,Oct 16 '19,0.86,Semi-Annual,101.843,2.7936,NoMD,NoMD,NoMD,
MUNI 78615RDR1,5.0,Jun01'25,AA3 (MOODY),NoMD,Oct 31 '19,0.86,Semi-Annual,102.012,2.5952,NoMD,NoMD,NoMD,
MUNI Unknown 514383WB0,4.0,Jun01'25,,,Nov 13 '19,0.86,Semi-Annual,101.630,2.0594,,,,
MUNI Unknown 899673DU8,5.0,Jun01'25,,,Nov 01 '19,0.86,Semi-Annual,101.818,2.823,,,,
MUNI 914119U59,2.162,Jun01'25,AA3 (MOODY),,Dec 12 '19,0.86,Semi-Annual,97.610,5.0574,,95.626,,
MUNI 9401573N8,5.0,Jun01'25,AAA (MOODY),,Dec 23 '19,0.86,Semi-Annual,102.756,1.7278,,,,
MUNI 455168FV1,1.873,Jun01'25,AAA (MOODY),,Mar 03 '20,0.86,Semi-Annual,97.420,4.9981,,95.384,,
MUNI 34153QST4,5.0,Jun01'25,AAA (MOODY),,Mar 04 '20,0.86,Semi-Annual,102.872,1.593,,,,
MUNI 758449RW4,1.769,Jun01'25,AA3 (MOODY),,Feb 27 '20,0.86,Semi-Annual,97.252,5.1001,,94.613,,
MUNI 082383PV6,4.0,Jun01'25,AA3 (MOODY),,Mar 18 '20,0.86,Semi-Annual,101.673,2.009,,,,
MUNI 445798FL0,5.0,Jun01'25,AAA (MOODY),,Mar 10 '20,0.86,Semi-Annual,101.710,2.95,,,,
MUNI 93974EEY8,5.0,Jun01'25,AAA (MOODY),,Feb 26 '20,0.86,Semi-Annual,101.724,2.934,,,,
MUNI 161035KV1,4.0,Jun01'25,AAA (MOODY),NoMD,Mar 04 '20,0.86,Semi-Annual,101.904,1.739,NoMD,NoMD,NoMD,
MUNI 517493GK2,5.0,Jun01'25,AA2 (MOODY),,Mar 26 '20,0.86,Semi-Annual,101.428,3.2830000000000004,,,,
MUNI Unknown 497592KM6,4.0,Jun01'25,,,Mar 23 '20,0.86,Semi-Annual,101.833,1.8218,,,,
MUNI 157432LL7,1.282,Jun01'25,AA1 (MOODY),,Apr 01 '20,0.86,Semi-Annual,97.068,4.830900000000001,,94.891,,
MUNI 975700PA7,5.0,Jun01'25,AA1 (MOODY),NoMD,Mar 25 '20,0.86,Semi-Annual,101.862,2.7710000000000004,NoMD,NoMD,NoMD,
MUNI 424898EK6,4.0,Jun01'25,AA2 (MOODY),NoMD,May 13 '20,0.86,Semi-Annual,100.905,2.9142,NoMD,NoMD,NoMD,
MUNI 497592LG8,4.0,Jun01'25,AA1 (MOODY),,Jun 10 '20,0.86,Semi-Annual,100.771,3.073,,,,
MUNI Unknown 612285AE6,2.503,Jun01'25,,,Jun 10 '20,0.86,Semi-Annual,99.861,2.6669,,95.718,,
MUNI 738365NG6,4.0,Jun01'25,A1 (MOODY),,Jun 25 '20,0.86,Semi-Annual,100.779,3.064,,,,
MUNI 4252007W6,1.719,Jun01'25,AA2 (MOODY),NoMD,Jun 09 '20,0.86,Semi-Annual,97.287,5.0057,NoMD,95.256,NoMD,
MUNI 4252007B2,1.719,Jun01'25,AA2 (MOODY),,Jun 09 '20,0.86,Semi-Annual,97.285,5.0082,,95.256,,
MUNI 56052AD94,5.0,Jun01'25,AA1 (MOODY),,Jun 24 '20,0.86,Semi-Annual,101.836,2.8019000000000003,,,,
MUNI 075554BB0,5.0,Jun01'25,AA3 (MOODY),NoMD,Jun 18 '20,0.86,Semi-Annual,101.866,2.7666,NoMD,NoMD,NoMD,
MUNI 118565YM6,1.099,Jun01'25,AA1 (MOODY),NoMD,Jul 21 '20,0.86,Semi-Annual,96.890,4.8646,NoMD,94.739,NoMD,
MUNI Unknown 189344EP5,4.0,Jun01'25,NoMD,NoMD,Jun 30 '20,0.86,Semi-Annual,100.939,2.874,NoMD,NoMD,NoMD,
MUNI 238748X93,5.0,Jun01'25,A1 (MOODY),NoMD,Jul 14 '20,0.86,Semi-Annual,101.501,3.197,NoMD,NoMD,NoMD,
MUNI Unknown 149717KE9,5.0,Jun01'25,NoMD,NoMD,Jul 21 '20,0.86,Semi-Annual,101.513,3.1830000000000003,NoMD,NoMD,NoMD,
MUNI 517845JW4,5.0,Jun01'25,AA1 (MOODY),NoMD,Jul 16 '20,0.86,Semi-Annual,101.890,2.7384,NoMD,NoMD,NoMD,
MUNI 93974EJS6,5.0,Jun01'25,AAA (MOODY),NoMD,Jul 29 '20,0.86,Semi-Annual,101.724,2.934,NoMD,NoMD,NoMD,
MUNI 842039EL9,5.0,Jun01'25,A3 (MOODY),,Jul 29 '20,0.86,Semi-Annual,101.512,3.184,,,,
MUNI 050589QX1,0.919,Jun01'25,AA2 (MOODY),,Jul 29 '20,0.86,Semi-Annual,96.527,5.1319,,94.541,,
MUNI Unknown 54466HJG2,5.0,Jun01'25,,,Aug 27 '20,0.86,Semi-Annual,101.950,2.6679,,,,
MUNI Unknown 986370PK4,4.0,Jun01'25,,,Sep 01 '20,0.86,Semi-Annual,100.852,2.9771,,,,
MUNI 798153NE8,0.994,Jun01'25,AA2 (MOODY),,Sep 24 '20,0.86,Semi-Annual,99.528,1.5528000000000002,,94.711,,
MUNI 017357F66,4.0,Jun01'25,AA3 (MOODY),,Oct 01 '20,0.86,Semi-Annual,100.760,3.0864000000000003,,,,
MUNI Unknown 67884GHG2,1.15,Jun01'25,NoMD,NoMD,Oct 15 '20,0.86,Semi-Annual,96.794,5.0361,NoMD,94.781,NoMD,
MUNI 942833ZA5,5.0,Jun01'25,AA2 (MOODY),,Nov 24 '20,0.86,Semi-Annual,102.597,1.9123,,,,
MUNI 13032UXM5,0.952,Jun01'25,AA3 (MOODY),,Nov 04 '20,0.86,Semi-Annual,96.702,4.9477,,94.616,,
MUNI 646039YJ0,5.0,Jun01'25,A1 (MOODY),NoMD,Nov 24 '20,0.86,Semi-Annual,102.771,1.7100000000000002,NoMD,100.936,NoMD,
MUNI 662902FL4,4.0,Jun01'25,A1 (MOODY),,Dec 15 '20,0.86,Semi-Annual,100.849,2.9807,,,,
MUNI Unknown 04084DAD4,5.0,Jun01'25,NoMD,NoMD,Dec 29 '20,0.86,Semi-Annual,101.489,3.2110000000000003,NoMD,NoMD,NoMD,
MUNI 28337LEK0,1.2,Jun01'25,AA3 (MOODY),,Dec 17 '20,0.86,Semi-Annual,96.460,5.5041,,94.768,,
MUNI 37358MEG2,5.0,Jun01'25,A2 (MOODY),NoMD,Dec 22 '20,0.86,Semi-Annual,101.797,2.8477,NoMD,NoMD,NoMD,
MUNI 34153QUH7,5.0,Jun01'25,AAA (MOODY),,Mar 03 '21,0.86,Semi-Annual,101.778,2.87,,,,
MUNI Unknown 94115TAD3,5.0,Jun01'25,,,Feb 24 '21,0.86,Semi-Annual,101.460,3.2453000000000003,,,,
MUNI 64711PGS3,5.0,Jun01'25,AA1 (MOODY),,Mar 04 '21,0.86,Semi-Annual,101.633,3.041,,,,
MUNI 736740US8,5.0,Jun01'25,AAA (MOODY),,Mar 16 '21,0.86,Semi-Annual,101.861,2.7725,,,,
MUNI 45528UR78,5.0,Jun01'25,A2 (MOODY),,Mar 03 '21,0.86,Semi-Annual,101.566,3.12,,,,
MUNI Unknown 94283NDZ0,4.0,Jun01'25,NoMD,NoMD,Apr 15 '21,0.86,Semi-Annual,101.715,1.9598,NoMD,NoMD,NoMD,
MUNI Unknown 69666JHH4,1.07,Jun01'25,,,Apr 28 '21,0.86,Semi-Annual,96.704,5.0662,,94.670,,
MUNI 704403ME1,1.125,Jun01'25,A1 (MOODY),,Jun 01 '21,0.86,Semi-Annual,97.701,3.8906,,,,
MUNI 20772KNW5,0.923,Jun01'25,AA3 (MOODY),,Jun 04 '21,0.86,Semi-Annual,96.616,5.025,,94.592,,
MUNI 56052AF35,4.0,Jun01'25,AA1 (MOODY),,Jun 23 '21,0.86,Semi-Annual,101.062,2.7283,,,,
MUNI 20281PNJ7,5.0,Jun01'25,A1 (MOODY),,Jun 23 '21,0.86,Semi-Annual,101.610,3.068,,,,
MUNI 48542RQP2,5.0,Jun01'25,AA3 (MOODY),,Jul 27 '21,0.86,Semi-Annual,102.601,1.9076000000000002,,,,
MUNI 057849JN2,4.0,Jun01'25,AA2 (MOODY),,Aug 31 '21,0.86,Semi-Annual,101.775,1.8896000000000002,,,,
MUNI 602369HC7,2.0,Jun01'25,AA1 (MOODY),,Sep 15 '21,0.86,Semi-Annual,99.854,2.1724,,,,
MUNI 38122NA77,1.4,Jun01'25,AA3 (MOODY),NoMD,Oct 07 '21,0.86,Semi-Annual,97.740,4.1225000000000005,NoMD,94.860,NoMD,
MUNI Unknown 260892AZ7,4.0,Jun01'25,,,Oct 19 '21,0.86,Semi-Annual,101.062,2.7283,,,,
MUNI Unknown 702285HT7,5.0,Jun01'25,NoMD,NoMD,Dec 01 '21,0.86,Semi-Annual,102.007,2.601,NoMD,NoMD,NoMD,
MUNI 508358JB5,2.0,Jun01'25,AAA (MOODY),NoMD,Dec 21 '21,0.86,Semi-Annual,97.598,4.9074,NoMD,95.490,NoMD,
MUNI 517845PD9,5.0,Jun01'25,AA1 (MOODY),,Mar 03 '22,0.86,Semi-Annual,101.837,2.8007,,,,
MUNI 34153QWM4,5.0,Jun01'25,AAA (MOODY),NoMD,Mar 10 '22,0.86,Semi-Annual,101.730,2.9266,NoMD,NoMD,NoMD,
MUNI 216129GZ3,5.0,Jun01'25,AA1 (MOODY),,Mar 07 '22,0.86,Semi-Annual,101.582,3.1011,,,,
MUNI Unknown 748508B98,5.0,Jun01'25,NoMD,NoMD,Mar 15 '22,0.86,Semi-Annual,101.795,2.85,NoMD,NoMD,NoMD,
MUNI Unknown 53945CKM1,5.0,Jun01'25,NoMD,NoMD,Apr 01 '22,0.86,Semi-Annual,102.014,2.593,NoMD,NoMD,NoMD,
MUNI 60637AVH2,5.0,Jun01'25,WR (MOODY),,Apr 21 '22,0.86,Semi-Annual,101.410,3.3045,,,,
MUNI Unknown 191258SJ2,5.0,Jun01'25,,,May 19 '22,0.86,Semi-Annual,101.707,2.9537,,,,
MUNI 150528T98,5.0,Jun01'25,AA1 (MOODY),,Jun 16 '22,0.86,Semi-Annual,101.710,2.95,,,,
MUNI 943861GB4,4.0,Jun01'25,AA3 (MOODY),NoMD,Jun 29 '22,0.86,Semi-Annual,100.712,3.1430000000000002,NoMD,NoMD,NoMD,
MUNI 271012GL4,5.0,Jun01'25,AA1 (MOODY),,Jun 16 '22,0.86,Semi-Annual,102.897,1.5645,,,,
MUNI 664214PE7,4.0,Jun01'25,AA1 (MOODY),,Jul 11 '22,0.86,Semi-Annual,99.270,4.8783,,,,
MUNI 394822AC4,4.0,Jun01'25,AA3 (MOODY),,Jul 07 '22,0.86,Semi-Annual,100.806,3.0317000000000003,,,,
MUNI 759829D35,5.0,Jun01'25,AA3 (MOODY),,Jul 21 '22,0.86,Semi-Annual,102.737,1.7498,,,,
MUNI Unknown 25009XTF2,5.0,Jun01'25,NoMD,NoMD,Aug 24 '22,0.86,Semi-Annual,102.779,1.701,NoMD,NoMD,NoMD,
MUNI 56052AG75,4.0,Jun01'25,AA1 (MOODY),,Jul 27 '22,0.86,Semi-Annual,99.203,4.96,,,,
MUNI Unknown 250139HN5,5.0,Jun01'25,,,Aug 24 '22,0.86,Semi-Annual,102.690,1.8043,,,,
MUNI 717893X55,5.0,Jun01'25,A1 (MOODY),NoMD,Aug 16 '22,0.86,Semi-Annual,101.776,2.8724000000000003,NoMD,NoMD,NoMD,
MUNI Unknown 236092JY9,4.0,Jun01'25,,,Oct 05 '22,0.86,Semi-Annual,100.899,2.9210000000000003,,,,
MUNI 940859LV1,5.0,Jun01'25,AA3 (MOODY),,Sep 29 '22,0.86,Semi-Annual,101.743,2.9113,,,,
MUNI 91417NFH3,2.347,Jun01'25,AA1 (MOODY),,Aug 20 '19,0.86,Semi-Annual,97.861,4.935700000000001,,95.780,,
MUNI 91417NES0,1.913,Jun01'25,AA1 (MOODY),,Sep 26 '19,0.86,Semi-Annual,97.330,5.15,,95.520,,
MUNI Unknown 97709TDH6,5.0,Jun01'25,,,Nov 17 '22,0.86,Semi-Annual,101.797,2.8477,,,,
MUNI 64711PLG3,5.0,Jun01'25,AA1 (MOODY),NoMD,Nov 30 '22,0.86,Semi-Annual,101.861,2.7725,NoMD,NoMD,NoMD,
MUNI Unknown 27779TKS6,5.0,Jun01'25,NoMD,NoMD,Feb 23 '23,0.86,Semi-Annual,102.822,1.6513,NoMD,NoMD,NoMD,
MUNI 57587GWK7,3.1,Jun01'25,AA1 (MOODY),,Mar 14 '23,0.86,Semi-Annual,101.004,1.9057000000000002,,,,
MUNI 25476FA73,5.0,Jun01'25,AAA (MOODY),,Mar 23 '23,0.86,Semi-Annual,101.882,2.748,,,,
MUNI 266713AB2,5.0,Jun01'25,AA1 (MOODY),,Apr 19 '23,0.86,Semi-Annual,101.460,3.2453000000000003,,,,
MUNI 67766WF23,5.0,Jun01'25,AAA (MOODY),,May 03 '23,0.86,Semi-Annual,101.820,2.821,,,,
MUNI 0353397X2,5.0,Jun01'25,AA1 (MOODY),,Jun 21 '23,0.86,Semi-Annual,101.651,3.02,,,,
MUNI Unknown 735677GQ3,4.0,Jun01'25,,,Jul 19 '23,0.86,Semi-Annual,100.762,3.084,,,,
MUNI Unknown 189344FT6,5.0,Jun01'25,,,Jul 11 '23,0.86,Semi-Annual,102.724,1.7650000000000001,,,,
MUNI 1610374Q6,5.0,Jun01'25,AA1 (MOODY),,Oct 31 '23,0.86,Semi-Annual,101.490,3.2098,,,,
MUNI 928110BF1,5.0,Jun01'25,AAA (MOODY),,Mar 06 '24,0.86,Semi-Annual,101.881,2.7357,,101.188,,
MUNI 928110CB9,5.0,Jun01'25,AAA (MOODY),NoMD,Mar 06 '24,0.86,Semi-Annual,101.846,2.79,NoMD,101.188,NoMD,
MUNI 462308S57,6.0,Jun01'25,AAA (MOODY),,Jun 04 '24,0.86,Semi-Annual,102.466,3.043,,,,
MUNI 930864HE6,5.0,Jun01'25,AAA (MOODY),,Jun 11 '24,0.86,Semi-Annual,102.874,1.591,,,,
MUNI Unknown 80181PGR2,5.0,Jun01'25,,,Jun 20 '24,0.86,Semi-Annual,101.650,3.0242,,,,
MUNI 917567BE8,5.0,Jun15'25,AA2 (MOODY),,Feb 25 '15,0.90,Semi-Annual,101.822,2.9117,,,,
MUNI 64972GFJ8,4.0,Jun15'25,AA1 (MOODY),,Mar 17 '15,0.90,Semi-Annual,101.029,2.8206,,,,
MUNI 64972GFR0,5.0,Jun15'25,AA1 (MOODY),,Mar 17 '15,0.90,Semi-Annual,101.925,2.7960000000000003,,,,
MUNI 906429DL6,3.5,Jun15'25,AA1 (MOODY),,Mar 05 '15,0.90,Semi-Annual,100.539,2.8810000000000002,,,,
MUNI Unknown 163597HY6,3.5,Jun15'25,NoMD,NoMD,Mar 10 '15,0.90,Semi-Annual,100.539,2.8810000000000002,NoMD,NoMD,NoMD,
MUNI 937440CZ6,4.0,Jun15'25,A3 (MOODY),,Jun 03 '15,0.90,Semi-Annual,100.720,3.1716,,,,
MUNI 20772JF31,5.0,Jun15'25,AA3 (MOODY),,May 28 '15,0.90,Semi-Annual,101.810,2.9252000000000002,,101.150,,
MUNI 64986A6Q9,4.0,Jun15'25,AAA (MOODY),,Jul 02 '15,0.90,Semi-Annual,101.148,2.6858,,,,
MUNI 470293GV7,5.0,Jun15'25,AAA (MOODY),,Aug 04 '15,0.90,Semi-Annual,102.841,1.772,,,,
MUNI 127145KJ8,4.0,Jun15'25,AA3 (MOODY),,Mar 17 '16,0.90,Semi-Annual,100.502,3.4203,,,,
MUNI 606020X75,5.0,Jun15'25,AA1 (MOODY),,Mar 15 '16,0.90,Semi-Annual,101.730,3.0154,,,,
MUNI 047059FQ8,4.0,Jun15'25,AA3 (MOODY),,Jun 16 '16,0.90,Semi-Annual,101.906,1.8330000000000002,,,,
MUNI 219417RG9,5.0,Jun15'25,AA3 (MOODY),,Jun 22 '16,0.90,Semi-Annual,101.900,2.8240000000000003,,,,
MUNI 515300RJ2,3.0,Jun15'25,AA2 (MOODY),,Jun 16 '16,0.90,Semi-Annual,99.797,3.23,,,,
MUNI 64986DAJ4,4.0,Jun15'25,AAA (MOODY),,Jun 29 '16,0.90,Semi-Annual,101.148,2.6858,,,,
MUNI Unknown 737050E83,4.0,Jun15'25,,,Jun 23 '16,0.90,Semi-Annual,101.871,1.8725,,,,
MUNI 088281WK2,4.0,Jun15'25,AAA (MOODY),NoMD,Aug 01 '16,0.90,Semi-Annual,100.891,2.9770000000000003,NoMD,NoMD,NoMD,
MUNI Unknown 469034LA8,5.0,Jun15'25,,,Sep 28 '16,0.90,Semi-Annual,101.700,3.0493,,,,
MUNI 676306DL4,5.0,Jun15'25,AA3 (MOODY),,Oct 31 '16,0.90,Semi-Annual,102.659,1.9746000000000001,,,,
MUNI 762232AK2,5.0,Jun15'25,A2 (MOODY),NoMD,Oct 26 '16,0.90,Semi-Annual,101.692,3.0580000000000003,NoMD,NoMD,NoMD,
MUNI 19645TAG2,5.0,Jun15'25,AA2 (MOODY),NoMD,Dec 29 '16,0.90,Semi-Annual,102.714,1.9134,NoMD,NoMD,NoMD,
MUNI 625482HG2,5.0,Jun15'25,AA3 (MOODY),NoMD,Feb 28 '17,0.90,Semi-Annual,101.835,2.8970000000000002,NoMD,NoMD,NoMD,
MUNI 64711NQ81,5.0,Jun15'25,AA1 (MOODY),,Mar 29 '17,0.90,Semi-Annual,101.901,2.8227,,,,
MUNI Unknown 365276AJ3,5.0,Jun15'25,,,Mar 23 '17,0.90,Semi-Annual,102.903,1.7036,,,,
MUNI 179126DQ7,5.0,Jun15'25,AA2 (MOODY),,Jun 13 '17,0.90,Semi-Annual,101.979,2.7350000000000003,,,,
MUNI 056219NG9,3.0,Jun15'25,AA2 (MOODY),NoMD,Jun 15 '17,0.90,Semi-Annual,100.931,1.9404000000000001,NoMD,NoMD,NoMD,
MUNI 391554CB6,5.0,Jun15'25,AA1 (MOODY),,Jul 25 '17,0.90,Semi-Annual,101.780,2.959,,,,
MUNI Unknown 596562JU3,4.0,Jun15'25,,,Sep 07 '17,0.90,Semi-Annual,101.880,1.8624,,,,
MUNI 762232AY2,5.0,Jun15'25,A2 (MOODY),,Nov 30 '17,0.90,Semi-Annual,101.520,3.2527000000000004,,,,
MUNI 181059YE0,5.0,Jun15'25,A1 (MOODY),NoMD,Dec 07 '17,0.90,Semi-Annual,101.856,2.8734,NoMD,NoMD,NoMD,
MUNI 20772KCF4,5.0,Jun15'25,AA3 (MOODY),NoMD,Jun 20 '18,0.90,Semi-Annual,102.817,1.7990000000000002,NoMD,101.150,NoMD,
MUNI 64972GRP1,5.0,Jun15'25,AA1 (MOODY),,Jun 28 '18,0.90,Semi-Annual,101.911,2.8114000000000003,,,,
MUNI Unknown 424672XB4,5.0,Jun15'25,,,Jul 11 '18,0.90,Semi-Annual,101.841,2.89,,,,
MUNI 64986DGD1,5.0,Jun15'25,AAA (MOODY),,Aug 02 '18,0.90,Semi-Annual,101.947,2.7709,,,,
MUNI 70917S2Y8,3.5,Jun15'25,AA3 (MOODY),,Sep 06 '18,0.90,Semi-Annual,102.257,0.9512,,96.652,,
MUNI 64711N5R2,5.0,Jun15'25,AA1 (MOODY),NoMD,Nov 28 '18,0.90,Semi-Annual,102.941,1.6615,NoMD,NoMD,NoMD,
MUNI 480772SB9,5.0,Jun15'25,AAA (MOODY),,Feb 21 '19,0.90,Semi-Annual,102.846,1.7668000000000001,,,,
MUNI Unknown 616531LC1,5.0,Jun15'25,,,Mar 20 '19,0.90,Semi-Annual,102.590,2.0514,,,,
MUNI 118601KA0,5.0,Jun15'25,AA1 (MOODY),,May 15 '19,0.90,Semi-Annual,101.593,3.1700000000000004,,,,
MUNI Unknown 079491UZ7,5.0,Jun15'25,,,Jun 20 '19,0.90,Semi-Annual,102.849,1.7630000000000001,,,,
MUNI 64711N8A6,5.0,Jun15'25,AA1 (MOODY),,Jun 27 '19,0.90,Semi-Annual,101.678,3.0740000000000003,,,,
MUNI 64986DJA4,5.0,Jun15'25,AAA (MOODY),NoMD,Oct 08 '19,0.90,Semi-Annual,102.065,2.6384000000000003,NoMD,NoMD,NoMD,
MUNI Unknown 803770TN6,4.0,Jun15'25,,,Oct 30 '19,0.90,Semi-Annual,100.666,3.2331000000000003,,,,
MUNI 64972GVU5,5.0,Jun15'25,AA1 (MOODY),NoMD,Dec 12 '19,0.90,Semi-Annual,101.970,2.7451000000000003,NoMD,NoMD,NoMD,
MUNI 939307JV7,5.0,Jun15'25,A1 (MOODY),,Feb 19 '20,0.90,Semi-Annual,101.785,2.9534000000000002,,,,
MUNI 7976466T8,5.0,Jun15'25,AAA (MOODY),,May 07 '20,0.90,Semi-Annual,101.991,2.7215000000000003,,,,
MUNI 586354BX9,2.0,Jun15'25,AA3 (MOODY),NoMD,Jun 24 '20,0.90,Semi-Annual,99.055,3.081,NoMD,NoMD,NoMD,
MUNI 64972GWV2,5.0,Jun15'25,AA1 (MOODY),,Jun 10 '20,0.90,Semi-Annual,101.966,2.75,,,,
MUNI Unknown 355046MB6,4.0,Jun15'25,NoMD,NoMD,Jun 17 '20,0.90,Semi-Annual,100.744,3.144,NoMD,NoMD,NoMD,
MUNI 551103DL5,5.0,Jun15'25,AA2 (MOODY),NoMD,Jun 23 '20,0.90,Semi-Annual,102.862,1.7491,NoMD,NoMD,NoMD,
MUNI Unknown 730295HN5,5.0,Jun15'25,,,Jun 30 '20,0.90,Semi-Annual,102.798,1.82,,,,
MUNI 602453HR6,1.449,Jun15'25,AA2 (MOODY),,Jun 17 '20,0.90,Semi-Annual,96.927,5.014200000000001,,,,
MUNI Unknown 358334GK0,2.0,Jun15'25,NoMD,NoMD,Jun 25 '20,0.90,Semi-Annual,98.837,3.333,NoMD,NoMD,NoMD,
MUNI Unknown 653420MT3,5.0,Jun15'25,,,Jul 09 '20,0.90,Semi-Annual,101.580,3.1849000000000003,,,,
MUNI 410684MC5,4.0,Jun15'25,A1 (MOODY),,Jul 21 '20,0.90,Semi-Annual,101.890,1.851,,,,
MUNI Unknown 794101UF0,4.0,Jun15'25,NoMD,NoMD,Jul 24 '20,0.90,Semi-Annual,101.000,2.853,NoMD,NoMD,NoMD,
MUNI 737288HJ2,4.0,Jun15'25,AA3 (MOODY),NoMD,Sep 02 '20,0.90,Semi-Annual,100.703,3.1910000000000003,NoMD,NoMD,NoMD,
MUNI Unknown 860797KW8,4.0,Jun15'25,,,Sep 22 '20,0.90,Semi-Annual,101.010,2.8421000000000003,,,,
MUNI 64711RMJ2,5.0,Jun15'25,AA1 (MOODY),,Oct 28 '20,0.90,Semi-Annual,101.649,3.1069,,,,
MUNI 797683HH5,1.016,Jun15'25,A1 (MOODY),,Dec 17 '20,0.90,Semi-Annual,97.346,4.0761,,,,
MUNI 625506QN3,0.5,Jun15'25,AAA (MOODY),,Jan 26 '21,0.90,Semi-Annual,96.184,4.926200000000001,,94.710,,
MUNI 6060206U4,4.0,Jun15'25,AA1 (MOODY),,Feb 15 '21,0.90,Semi-Annual,100.721,3.1700000000000004,,,,
MUNI 64972GYQ1,5.0,Jun15'25,AA1 (MOODY),,Mar 18 '21,0.90,Semi-Annual,101.920,2.8013000000000003,,,,
MUNI 70869PMQ7,1.164,Jun15'25,AA3 (MOODY),NoMD,Apr 28 '21,0.90,Semi-Annual,99.678,1.5285,NoMD,94.647,NoMD,
MUNI Unknown 845376LC4,2.0,Jun15'25,,,Jun 24 '21,0.90,Semi-Annual,98.776,3.4037,,,,
MUNI 64711PHQ6,5.0,Jun15'25,AA1 (MOODY),,Jun 30 '21,0.90,Semi-Annual,101.895,2.8294,,,,
MUNI 64986DKU8,5.0,Jun15'25,AAA (MOODY),NoMD,Jun 30 '21,0.90,Semi-Annual,102.082,2.6193,NoMD,NoMD,NoMD,
MUNI 717243GJ2,4.0,Jun15'25,AA3 (MOODY),,Mar 21 '22,0.90,Semi-Annual,101.816,1.9341000000000002,,,,
MUNI Unknown 630599KQ0,4.0,Jun15'25,NoMD,NoMD,Mar 30 '22,0.90,Semi-Annual,100.730,3.1602,NoMD,NoMD,NoMD,
MUNI 64986DLP8,5.0,Jun15'25,AAA (MOODY),,Apr 21 '22,0.90,Semi-Annual,101.980,2.7338,,,,
MUNI 79773KJA3,5.0,Jun15'25,AAA (MOODY),,May 18 '22,0.90,Semi-Annual,101.860,2.8688000000000002,,,,
MUNI 79771TPL5,5.0,Jun15'25,A1 (MOODY),NoMD,May 26 '22,0.90,Semi-Annual,101.686,3.065,NoMD,NoMD,NoMD,
MUNI 866900CS0,5.0,Jun15'25,AA1 (MOODY),,Jun 14 '22,0.90,Semi-Annual,101.637,3.1204,,,,
MUNI 20772KQH5,3.292,Jun15'25,AA3 (MOODY),NoMD,Jun 22 '22,0.90,Semi-Annual,98.530,4.9941,NoMD,96.436,NoMD,
MUNI Unknown 273173LH5,3.0,Jun15'25,,,Jun 27 '22,0.90,Semi-Annual,101.031,1.828,,,,
MUNI Unknown 273173LW2,3.0,Jun15'25,,,Jun 27 '22,0.90,Semi-Annual,101.031,1.828,,,,
MUNI Unknown 087329PN2,5.0,Jun15'25,,,Jun 27 '22,0.90,Semi-Annual,101.984,2.7293000000000003,,,,
MUNI Unknown 570816KN7,5.0,Jun15'25,,,Jun 28 '22,0.90,Semi-Annual,102.779,1.8410000000000002,,,,
MUNI 79773KJM7,5.0,Jun15'25,AAA (MOODY),,Apr 11 '23,0.90,Semi-Annual,102.936,1.6671,,,,
MUNI 625517NN3,5.0,Jun15'25,AA1 (MOODY),,Apr 27 '23,0.90,Semi-Annual,101.993,2.7192000000000003,,,,
MUNI Unknown 803561BY4,5.0,Jun15'25,,,Jun 28 '23,0.90,Semi-Annual,102.085,2.6159000000000003,,,,
MUNI 70917TKM2,5.0,Jun15'25,AA3 (MOODY),NoMD,Sep 10 '19,0.90,Semi-Annual,101.392,3.3978,NoMD,NoMD,NoMD,
MUNI 79773KLQ5,5.0,Jun15'25,AAA (MOODY),NoMD,May 22 '24,0.90,Semi-Annual,102.126,2.5663,NoMD,NoMD,NoMD,
MUNI 625517NE3,0.95,Jun30'25,AA2 (MOODY),,Jul 15 '21,0.94,Semi-Annual,99.400,1.6,,94.176,,
MUNI Unknown 662523N70,4.0,Jun30'25,,,Nov 03 '21,0.94,Semi-Annual,100.928,2.9824,,,,
MUNI Unknown 407216MZ0,5.0,Jun30'25,,,Mar 22 '23,0.94,Semi-Annual,101.776,3.0528,,99.500,,
MUNI 797355WJ9,5.5,Jul01'25,AA2 (MOODY),,Mar 24 '05,0.94,Semi-Annual,102.735,2.5232,0.9256770014762878,,0.008633092977106571,
MUNI 746173FF5,5.25,Jul01'25,AAA (MOODY),,Dec 01 '06,0.94,Semi-Annual,102.070,2.9888000000000003,,100.000,,
MUNI 575579KW6,5.5,Jul01'25,AA2 (MOODY),,Dec 21 '05,0.94,Semi-Annual,102.637,2.6276,,,,
MUNI 575579HC4,5.0,Jul01'25,AA2 (MOODY),,Mar 24 '05,0.94,Semi-Annual,102.030,2.7859000000000003,0.926828145980835,,0.008648953400552273,
MUNI 898735PK5,6.3,Jul01'25,A1 (MOODY),,Jul 14 '10,0.94,Semi-Annual,104.999,0.9235000000000001,,99.022,,
MUNI 491552B61,5.0,Jul01'25,AA3 (MOODY),NoMD,Jun 25 '14,0.94,Semi-Annual,101.672,3.1710000000000003,NoMD,NoMD,NoMD,
MUNI 898797BP9,5.0,Jul01'25,AA2 (MOODY),,Feb 25 '15,0.94,Semi-Annual,101.901,2.9243,,,,
MUNI 378352PM4,3.0,Jul01'25,A1 (MOODY),NoMD,Mar 03 '15,0.94,Semi-Annual,100.118,2.87,NoMD,NoMD,NoMD,
MUNI 566880VR8,4.0,Jul01'25,AA1 (MOODY),,Feb 11 '15,0.94,Semi-Annual,101.053,2.85,,,,
MUNI 641496LT9,5.0,Jul01'25,AA2 (MOODY),,Feb 19 '15,0.94,Semi-Annual,101.969,2.8513,,,,
MUNI 567385GE3,3.0,Jul01'25,AA1 (MOODY),,Feb 19 '15,0.94,Semi-Annual,100.108,2.8810000000000002,,,,
MUNI 592112NN2,5.0,Jul01'25,AA2 (MOODY),,Feb 19 '15,0.94,Semi-Annual,101.730,3.1082,,,,
MUNI 567184KS4,3.25,Jul01'25,AAA (MOODY),NoMD,Feb 25 '15,0.94,Semi-Annual,100.384,2.83,NoMD,NoMD,NoMD,
MUNI 8104537V6,3.0,Jul01'25,AAA (MOODY),NoMD,Apr 02 '15,0.94,Semi-Annual,100.246,2.7310000000000003,NoMD,NoMD,NoMD,
MUNI Unknown 72220TBX6,3.0,Jul01'25,,,Mar 05 '15,0.94,Semi-Annual,100.099,2.891,,,,
MUNI 567313FC0,5.0,Jul01'25,AA2 (MOODY),NoMD,Mar 26 '15,0.94,Semi-Annual,102.769,1.998,NoMD,NoMD,NoMD,
MUNI 567430NU3,3.0,Jul01'25,AA1 (MOODY),,Mar 25 '15,0.94,Semi-Annual,100.118,2.87,,,,
MUNI 20774YUN5,5.0,Jul01'25,A1 (MOODY),,Apr 01 '15,0.94,Semi-Annual,102.746,2.0224,,,,
MUNI 977123L55,5.0,Jul01'25,AA2 (MOODY),NoMD,Apr 30 '15,0.94,Semi-Annual,101.800,3.0329,NoMD,NoMD,NoMD,
MUNI 797355Z56,4.0,Jul01'25,AA2 (MOODY),NoMD,May 27 '15,0.94,Semi-Annual,100.905,3.0100000000000002,NoMD,NoMD,NoMD,
MUNI 71884AZC6,5.0,Jul01'25,AA1 (MOODY),NoMD,May 12 '15,0.94,Semi-Annual,101.760,3.0759000000000003,NoMD,NoMD,NoMD,
MUNI 7973552B9,5.0,Jul01'25,AA2 (MOODY),,May 27 '15,0.94,Semi-Annual,103.058,1.6920000000000002,,,,
MUNI 29270CK46,5.0,Jul01'25,AA1 (MOODY),,May 21 '15,0.94,Semi-Annual,102.022,2.7945,,,,
MUNI 64990BHR7,5.0,Jul01'25,AA3 (MOODY),NoMD,May 12 '15,0.94,Semi-Annual,102.932,1.8250000000000002,NoMD,NoMD,NoMD,
MUNI 59334PFG7,5.0,Jul01'25,A1 (MOODY),NoMD,May 28 '15,0.94,Semi-Annual,101.763,3.073,NoMD,NoMD,NoMD,
MUNI 567137F66,3.0,Jul01'25,AAA (MOODY),,Jun 10 '15,0.94,Semi-Annual,100.154,2.831,,,,
MUNI 115067GQ7,5.0,Jul01'25,AA2 (MOODY),NoMD,Jun 18 '15,0.94,Semi-Annual,101.860,2.9684,NoMD,NoMD,NoMD,
MUNI 937220DY4,5.0,Jul01'25,A1 (MOODY),NoMD,Jun 25 '15,0.94,Semi-Annual,101.589,3.2600000000000002,NoMD,NoMD,NoMD,
MUNI 491552E35,5.0,Jul01'25,AA3 (MOODY),,Jul 22 '15,0.94,Semi-Annual,101.738,3.1,,,,
MUNI 491552F91,5.0,Jul01'25,AA3 (MOODY),,Jul 22 '15,0.94,Semi-Annual,101.730,3.1082,,,,
MUNI Unknown 702725TS1,3.0,Jul01'25,,,Jul 09 '15,0.94,Semi-Annual,100.072,2.92,,,,
MUNI 802437EU3,5.0,Jul01'25,AA1 (MOODY),NoMD,Jul 09 '15,0.94,Semi-Annual,102.026,2.7902,NoMD,NoMD,NoMD,
MUNI 592112QD1,4.0,Jul01'25,AA2 (MOODY),,Jul 30 '15,0.94,Semi-Annual,100.839,3.0820000000000003,,,,
MUNI 575896QE8,5.0,Jul01'25,AA2 (MOODY),,Jul 15 '15,0.94,Semi-Annual,101.504,3.3520000000000003,,,,
MUNI Unknown 12008EJQ0,5.0,Jul01'25,,,Jul 23 '15,0.94,Semi-Annual,102.479,2.3062,,,,
MUNI 647310U82,5.0,Jul01'25,AA2 (MOODY),,Aug 12 '15,0.94,Semi-Annual,101.994,2.8245,,,,
MUNI 438701ZA5,5.0,Jul01'25,AA2 (MOODY),,Aug 12 '15,0.94,Semi-Annual,101.765,3.071,,,,
MUNI 438701ZL1,5.0,Jul01'25,AA2 (MOODY),,Aug 12 '15,0.94,Semi-Annual,102.864,1.8974000000000002,,,,
MUNI 341150S84,5.0,Jul01'25,AAA (MOODY),,Sep 01 '15,0.94,Semi-Annual,101.960,2.861,,,,
MUNI 199492NV7,5.0,Jul01'25,AAA (MOODY),,Aug 13 '15,0.94,Semi-Annual,101.750,3.0867,,,,
MUNI 161045ML0,5.0,Jul01'25,AAA (MOODY),,Aug 27 '15,0.94,Semi-Annual,102.085,2.7270000000000003,,,,
MUNI Unknown 679086EP9,5.0,Jul01'25,NoMD,NoMD,Sep 16 '15,0.94,Semi-Annual,101.790,3.0437000000000003,NoMD,NoMD,NoMD,
MUNI 29270CP58,3.0,Jul01'25,AA1 (MOODY),NoMD,Oct 21 '15,0.94,Semi-Annual,100.118,2.87,NoMD,NoMD,NoMD,
MUNI 29270CP66,5.0,Jul01'25,AA1 (MOODY),NoMD,Oct 21 '15,0.94,Semi-Annual,102.222,2.5803000000000003,NoMD,NoMD,NoMD,
MUNI 575579YZ4,5.0,Jul01'25,AA2 (MOODY),,Oct 14 '15,0.94,Semi-Annual,102.016,2.8009,,,,
MUNI 939720SG4,5.0,Jul01'25,AA1 (MOODY),,Oct 21 '15,0.94,Semi-Annual,102.873,1.8880000000000001,,,,
MUNI 988516BM1,5.0,Jul01'25,A1 (MOODY),,Oct 21 '15,0.94,Semi-Annual,101.780,3.0544000000000002,,,,
MUNI Unknown 57563RMV8,4.0,Jul01'25,,,Nov 30 '15,0.94,Semi-Annual,102.898,0.884,,96.959,,
MUNI 34160WYZ1,5.0,Jul01'25,AA3 (MOODY),,Jan 05 '16,0.94,Semi-Annual,102.821,1.9429,,,,
MUNI 59266TLV1,5.0,Jul01'25,AA1 (MOODY),NoMD,Dec 17 '15,0.94,Semi-Annual,101.810,3.0221,NoMD,NoMD,NoMD,
MUNI 246428C95,5.0,Jul01'25,AA1 (MOODY),,Feb 02 '16,0.94,Semi-Annual,102.000,2.8181000000000003,,,,
MUNI 246428B70,4.0,Jul01'25,AA1 (MOODY),,Feb 02 '16,0.94,Semi-Annual,100.900,3.0159000000000002,,,,
MUNI 95667NCR2,5.0,Jul01'25,A1 (MOODY),,Feb 09 '16,0.94,Semi-Annual,101.916,2.9082000000000003,,,,
MUNI 3431368C4,5.0,Jul01'25,AA2 (MOODY),,Feb 23 '16,0.94,Semi-Annual,101.895,2.9308,,,,
MUNI 57584XHN4,4.0,Jul01'25,AA3 (MOODY),NoMD,Jan 28 '16,0.94,Semi-Annual,101.136,2.7607,NoMD,NoMD,NoMD,
MUNI 567541PC5,3.0,Jul01'25,AA1 (MOODY),,Feb 17 '16,0.94,Semi-Annual,100.136,2.85,,,,
MUNI 567438TG1,2.75,Jul01'25,AA1 (MOODY),,Feb 23 '16,0.94,Semi-Annual,99.861,2.9000000000000004,,,,
MUNI 199492PS2,4.0,Jul01'25,AAA (MOODY),,Mar 07 '16,0.94,Semi-Annual,101.052,2.851,,,,
MUNI 199492PZ6,5.0,Jul01'25,AAA (MOODY),NoMD,Mar 07 '16,0.94,Semi-Annual,101.970,2.8502,NoMD,NoMD,NoMD,
MUNI 5446464K5,5.0,Jul01'25,AA2 (MOODY),,Apr 05 '16,0.94,Semi-Annual,102.050,2.7645,,,,
MUNI 29270CP90,5.0,Jul01'25,AA1 (MOODY),NoMD,Apr 20 '16,0.94,Semi-Annual,102.022,2.7945,NoMD,NoMD,NoMD,
MUNI 92937NBT0,5.0,Jul01'25,A1 (MOODY),,Apr 27 '16,0.94,Semi-Annual,102.820,1.9440000000000002,,,,
MUNI Unknown 722171HL2,5.0,Jul01'25,NoMD,NoMD,May 05 '16,0.94,Semi-Annual,101.660,3.1837,NoMD,NoMD,NoMD,
MUNI 59333FSH4,5.0,Jul01'25,AA2 (MOODY),,May 11 '16,0.94,Semi-Annual,101.805,3.028,,,,
MUNI Unknown 592657CE8,5.0,Jul01'25,,,May 12 '16,0.94,Semi-Annual,101.878,2.9490000000000003,,,,
MUNI 64990BS95,5.0,Jul01'25,A1 (MOODY),,May 26 '16,0.94,Semi-Annual,101.744,3.0932,,,,
MUNI 647310W72,5.0,Jul01'25,AA2 (MOODY),,Jun 23 '16,0.94,Semi-Annual,101.994,2.8245,,,,
MUNI 341507P54,5.0,Jul01'25,AA3 (MOODY),NoMD,Jun 23 '16,0.94,Semi-Annual,101.944,2.8781000000000003,NoMD,NoMD,NoMD,
MUNI 8797094A8,4.0,Jul01'25,AA1 (MOODY),,Jun 23 '16,0.94,Semi-Annual,100.870,3.0484,,,,
MUNI 54466HCW4,5.0,Jul01'25,AA1 (MOODY),,Jun 15 '16,0.94,Semi-Annual,102.110,2.7002,,,,
MUNI 87971HJZ8,5.0,Jul01'25,AA2 (MOODY),,Jun 22 '16,0.94,Semi-Annual,102.826,1.9376,,,,
MUNI 59333FTL4,5.0,Jul01'25,AA2 (MOODY),,Jun 01 '15,0.94,Semi-Annual,101.850,2.9791000000000003,,,,
MUNI 544525UU0,5.0,Jul01'25,AA2 (MOODY),,Jun 09 '16,0.94,Semi-Annual,102.128,2.6809000000000003,,,,
MUNI 64990CEG2,5.0,Jul01'25,AA2 (MOODY),,Jun 14 '16,0.94,Semi-Annual,101.998,2.8200000000000003,,,,
MUNI 3733843M6,4.0,Jul01'25,AAA (MOODY),NoMD,Jul 07 '16,0.94,Semi-Annual,101.100,2.7996000000000003,NoMD,100.357,NoMD,
MUNI 57582RJU1,5.0,Jul01'25,AA1 (MOODY),,Jul 07 '16,0.94,Semi-Annual,102.042,2.773,,101.259,,
MUNI 575577ND9,5.0,Jul01'25,AA1 (MOODY),,Aug 03 '16,0.94,Semi-Annual,102.122,2.6870000000000003,,,,
MUNI 341507Q79,5.0,Jul01'25,AA3 (MOODY),,Aug 25 '16,0.94,Semi-Annual,101.900,2.9254000000000002,,,,
MUNI Unknown 541111AN0,5.0,Jul01'25,,,Aug 16 '16,0.94,Semi-Annual,101.821,3.0103,,,,
MUNI 721799E91,5.0,Jul01'25,AA3 (MOODY),,Aug 25 '16,0.94,Semi-Annual,101.969,2.8513,,,,
MUNI 939720US5,5.0,Jul01'25,AA1 (MOODY),,Aug 30 '16,0.94,Semi-Annual,101.774,3.061,,,,
MUNI 718814Q33,5.0,Jul01'25,AA1 (MOODY),NoMD,Sep 13 '16,0.94,Semi-Annual,102.115,2.6950000000000003,NoMD,NoMD,NoMD,
MUNI 561824ZQ9,5.0,Jul01'25,AA1 (MOODY),,Aug 31 '16,0.94,Semi-Annual,101.896,2.93,,,,
MUNI 438701G81,5.0,Jul01'25,AA2 (MOODY),,Sep 08 '16,0.94,Semi-Annual,101.965,2.8556,,,,
MUNI 13034AMP2,5.0,Jul01'25,A1 (MOODY),,Aug 30 '16,0.94,Semi-Annual,101.842,2.988,,,,
MUNI 5446464T6,5.0,Jul01'25,AA2 (MOODY),,Sep 15 '16,0.94,Semi-Annual,101.950,2.8717,,,,
MUNI 04048RQW9,5.0,Jul01'25,AA2 (MOODY),NoMD,Sep 14 '16,0.94,Semi-Annual,102.911,1.848,NoMD,NoMD,NoMD,
MUNI Unknown 45204EJG4,4.0,Jul01'25,,,Sep 12 '16,0.94,Semi-Annual,101.075,2.8266,,,,
MUNI 040649MJ1,5.0,Jul01'25,AA1 (MOODY),NoMD,Oct 06 '16,0.94,Semi-Annual,102.011,2.8063000000000002,NoMD,NoMD,NoMD,
MUNI 040647DY2,5.0,Jul01'25,AA2 (MOODY),,Oct 06 '16,0.94,Semi-Annual,101.993,2.8256,,,,
MUNI 6845754Z3,5.0,Jul01'25,AA2 (MOODY),NoMD,Sep 29 '16,0.94,Semi-Annual,103.030,1.7218,NoMD,NoMD,NoMD,
MUNI 4952894D9,5.0,Jul01'25,AA1 (MOODY),,Oct 12 '16,0.94,Semi-Annual,101.954,2.8674,,,,
MUNI Unknown 786795CJ1,4.0,Jul01'25,,,Oct 26 '16,0.94,Semi-Annual,100.794,3.1310000000000002,,,,
MUNI Unknown 64990HU57,5.0,Jul01'25,NoMD,NoMD,Oct 21 '16,0.94,Semi-Annual,101.859,2.9690000000000003,NoMD,NoMD,NoMD,
MUNI 3733846E1,5.0,Jul01'25,AAA (MOODY),NoMD,Nov 17 '16,0.94,Semi-Annual,102.204,2.5996,NoMD,101.269,NoMD,
MUNI 645790FE1,5.0,Jul01'25,A1 (MOODY),,Nov 02 '16,0.94,Semi-Annual,101.974,2.846,,,,
MUNI 71883PKH9,5.0,Jul01'25,AA2 (MOODY),NoMD,Nov 16 '16,0.94,Semi-Annual,101.914,2.9104,NoMD,NoMD,NoMD,
MUNI 57584XA92,4.0,Jul01'25,AA3 (MOODY),,Nov 22 '16,0.94,Semi-Annual,101.799,2.0487,,,,
MUNI 817409J22,4.0,Jul01'25,AAA (MOODY),,Nov 22 '16,0.94,Semi-Annual,101.345,2.5355000000000003,,,,
MUNI 491552L45,5.0,Jul01'25,AA3 (MOODY),NoMD,Dec 07 '16,0.94,Semi-Annual,101.753,3.083,NoMD,NoMD,NoMD,
MUNI 8628115F9,5.0,Jul01'25,A1 (MOODY),,Jan 04 '17,0.94,Semi-Annual,101.795,3.0380000000000003,,,,
MUNI Unknown 10551RAB8,4.0,Jul01'25,,,Dec 30 '16,0.94,Semi-Annual,100.764,3.1630000000000003,,,,
MUNI 341568BJ1,5.0,Jul01'25,A1 (MOODY),,Jan 24 '17,0.94,Semi-Annual,101.390,3.4754,,,,
MUNI 058508GN6,5.0,Jul01'25,AA3 (MOODY),,Jan 26 '17,0.94,Semi-Annual,102.782,1.9842000000000002,,,,
MUNI 722042GN2,5.0,Jul01'25,WR (MOODY),NoMD,Jan 26 '17,0.94,Semi-Annual,101.589,3.2600000000000002,NoMD,NoMD,NoMD,
MUNI 592112SH0,5.0,Jul01'25,AA2 (MOODY),,Feb 02 '17,0.94,Semi-Annual,101.960,2.861,,,,
MUNI 013493HF1,5.0,Jul01'25,AA2 (MOODY),NoMD,Mar 01 '17,0.94,Semi-Annual,101.881,2.9458,NoMD,NoMD,NoMD,
MUNI 059231J35,5.0,Jul01'25,AA3 (MOODY),,Feb 09 '17,0.94,Semi-Annual,102.792,1.9736,,,,
MUNI 462575CK5,4.0,Jul01'25,AA3 (MOODY),,Mar 01 '17,0.94,Semi-Annual,100.794,3.1310000000000002,,,,
MUNI 34160WZV9,5.0,Jul01'25,AA3 (MOODY),,Mar 23 '17,0.94,Semi-Annual,102.821,1.9429,,,,
MUNI 61075TPL6,5.0,Jul01'25,AA3 (MOODY),NoMD,Apr 05 '17,0.94,Semi-Annual,103.836,0.8758,NoMD,NoMD,NoMD,
MUNI Unknown 645790JL1,5.0,Jul01'25,,,Apr 20 '17,0.94,Semi-Annual,101.929,2.8943000000000003,,,,
MUNI 462575CW9,2.0,Jul01'25,AA2 (MOODY),,May 01 '17,0.94,Semi-Annual,98.757,3.359,,,,
MUNI 29270CV85,5.0,Jul01'25,AA1 (MOODY),,May 03 '17,0.94,Semi-Annual,102.047,2.7680000000000002,,,,
MUNI 567184LA2,5.0,Jul01'25,AAA (MOODY),NoMD,May 03 '17,0.94,Semi-Annual,102.980,1.7750000000000001,NoMD,NoMD,NoMD,
MUNI 882874GX2,5.0,Jul01'25,AA3 (MOODY),,May 01 '17,0.94,Semi-Annual,102.829,1.9344000000000001,,,,
MUNI Unknown 95855RCQ7,5.0,Jul01'25,NoMD,NoMD,May 16 '17,0.94,Semi-Annual,101.928,2.8953,NoMD,NoMD,NoMD,
MUNI 180848TF0,5.0,Jul01'25,AA1 (MOODY),NoMD,May 09 '17,0.94,Semi-Annual,101.965,2.8556,NoMD,NoMD,NoMD,
MUNI 977123Q35,5.0,Jul01'25,AA2 (MOODY),,May 31 '17,0.94,Semi-Annual,101.789,3.0447,,,,
MUNI Unknown 59266TNE7,2.5,Jul01'25,,,Jun 01 '17,0.94,Semi-Annual,99.221,3.351,,,,
MUNI 71884AA74,5.0,Jul01'25,AA1 (MOODY),,Jun 01 '17,0.94,Semi-Annual,101.908,2.9168000000000003,,,,
MUNI 5446465N8,5.0,Jul01'25,AA2 (MOODY),,May 25 '17,0.94,Semi-Annual,102.000,2.8181000000000003,,,,
MUNI 567505PE6,5.0,Jul01'25,AA1 (MOODY),NoMD,Jun 07 '17,0.94,Semi-Annual,102.105,2.7055000000000002,NoMD,NoMD,NoMD,
MUNI 161036LU0,5.0,Jul01'25,AA3 (MOODY),,Jun 01 '17,0.94,Semi-Annual,102.873,1.8878000000000001,,,,
MUNI 72736PAH7,5.0,Jul01'25,AA1 (MOODY),NoMD,Jun 20 '17,0.94,Semi-Annual,101.751,3.0860000000000003,NoMD,NoMD,NoMD,
MUNI 791638F53,5.0,Jul01'25,A1 (MOODY),,Jun 28 '17,0.94,Semi-Annual,101.559,3.2926,,,,
MUNI 898797ED3,5.0,Jul01'25,AA2 (MOODY),,Jun 28 '17,0.94,Semi-Annual,102.877,1.8836000000000002,,,,
MUNI 57582RNX0,5.0,Jul01'25,AA1 (MOODY),NoMD,Jun 28 '17,0.94,Semi-Annual,101.924,2.8996,NoMD,101.259,NoMD,
MUNI 120532KR6,5.0,Jul01'25,AAA (MOODY),,Jul 11 '17,0.94,Semi-Annual,101.930,2.8932,,,,
MUNI 37828GAF3,5.0,Jul01'25,A1 (MOODY),,Oct 04 '17,0.94,Semi-Annual,102.924,1.834,,,,
MUNI 6473102M2,5.0,Jul01'25,AA2 (MOODY),NoMD,Aug 08 '17,0.94,Semi-Annual,102.007,2.8106,NoMD,NoMD,NoMD,
MUNI 575896SA4,5.0,Jul01'25,AA2 (MOODY),,Jul 19 '17,0.94,Semi-Annual,101.533,3.321,,,,
MUNI 491552M85,5.0,Jul01'25,AA3 (MOODY),,Aug 23 '17,0.94,Semi-Annual,101.793,3.04,,,,
MUNI 91474PFV7,3.0,Jul01'25,A1 (MOODY),NoMD,Aug 01 '17,0.94,Semi-Annual,100.137,2.849,NoMD,NoMD,NoMD,
MUNI 914026SR1,5.0,Jul01'25,AA2 (MOODY),NoMD,Aug 30 '17,0.94,Semi-Annual,101.570,3.2808,NoMD,NoMD,NoMD,
MUNI 499746D85,5.0,Jul01'25,AA2 (MOODY),NoMD,Sep 15 '17,0.94,Semi-Annual,102.887,1.873,NoMD,NoMD,NoMD,
MUNI 939720XS2,3.0,Jul01'25,AA1 (MOODY),,Sep 28 '17,0.94,Semi-Annual,100.924,1.998,,,,
MUNI 93340LCL9,5.0,Jul01'25,AA2 (MOODY),,Oct 11 '17,0.94,Semi-Annual,102.874,1.887,,,,
MUNI 49474FSB7,5.0,Jul01'25,AAA (MOODY),,Oct 25 '17,0.94,Semi-Annual,101.770,3.0652000000000004,,,,
MUNI 54466HFG6,5.0,Jul01'25,AA1 (MOODY),,Oct 31 '17,0.94,Semi-Annual,102.120,2.6895000000000002,,,,
MUNI 34160WA46,5.0,Jul01'25,AA3 (MOODY),,Nov 30 '17,0.94,Semi-Annual,101.910,2.9147000000000003,,,,
MUNI 64149WAH0,5.0,Jul01'25,AA3 (MOODY),NoMD,Nov 21 '17,0.94,Semi-Annual,101.824,3.007,NoMD,NoMD,NoMD,
MUNI 341507R86,5.0,Jul01'25,AA3 (MOODY),,Dec 07 '17,0.94,Semi-Annual,101.824,3.0071000000000003,,,,
MUNI 95639RGD5,5.0,Jul01'25,A1 (MOODY),NoMD,Nov 21 '17,0.94,Semi-Annual,101.654,3.19,NoMD,NoMD,NoMD,
MUNI Unknown 79689RAH5,5.0,Jul01'25,,,Dec 06 '17,0.94,Semi-Annual,101.923,2.9000000000000004,,,,
MUNI 64461XCA1,5.0,Jul01'25,AA3 (MOODY),,Dec 06 '17,0.94,Semi-Annual,101.834,2.9963,,,,
MUNI 639557VG9,5.0,Jul01'25,AAA (MOODY),,Dec 05 '17,0.94,Semi-Annual,101.840,2.9899,,,,
MUNI 153476CL8,5.0,Jul01'25,A1 (MOODY),,Dec 28 '17,0.94,Semi-Annual,101.870,2.9576000000000002,,,,
MUNI 567288UF0,5.0,Jul01'25,AA1 (MOODY),NoMD,Dec 20 '17,0.94,Semi-Annual,101.933,2.89,NoMD,NoMD,NoMD,
MUNI 567389WT4,5.0,Jul01'25,AAA (MOODY),NoMD,Dec 21 '17,0.94,Semi-Annual,102.018,2.7988,NoMD,NoMD,NoMD,
MUNI Unknown 797669XF0,5.0,Jul01'25,NoMD,NoMD,Dec 28 '17,0.94,Semi-Annual,102.032,2.7837,NoMD,NoMD,NoMD,
MUNI 517704FB3,5.0,Jul01'25,AA3 (MOODY),,Dec 27 '17,0.94,Semi-Annual,101.740,3.0975,,,,
MUNI 438701R30,5.0,Jul01'25,AA2 (MOODY),,Feb 13 '18,0.94,Semi-Annual,101.982,2.8374,,,,
MUNI 5446466E7,5.0,Jul01'25,AA2 (MOODY),,Mar 08 '18,0.94,Semi-Annual,101.948,2.874,,,,
MUNI 442349BC9,5.0,Jul01'25,A1 (MOODY),,Mar 20 '18,0.94,Semi-Annual,101.796,3.0372000000000003,,,,
MUNI 92937NCM4,5.0,Jul01'25,A1 (MOODY),NoMD,Apr 18 '18,0.94,Semi-Annual,101.809,3.023,NoMD,NoMD,NoMD,
MUNI 642577UE8,4.0,Jul01'25,AA1 (MOODY),NoMD,Apr 01 '18,0.94,Semi-Annual,100.911,3.004,NoMD,NoMD,NoMD,
MUNI 5444954D3,5.0,Jul01'25,AA2 (MOODY),,Apr 19 '18,0.94,Semi-Annual,102.110,2.7002,,,,
MUNI 567505PM8,5.0,Jul01'25,AA1 (MOODY),,May 08 '18,0.94,Semi-Annual,102.993,1.7610000000000001,,,,
MUNI Unknown 37530ABD9,5.0,Jul01'25,,,May 22 '18,0.94,Semi-Annual,102.013,2.8041,,,,
MUNI 64990C7Z8,5.0,Jul01'25,AA2 (MOODY),NoMD,May 17 '18,0.94,Semi-Annual,102.967,1.788,NoMD,NoMD,NoMD,
MUNI 29270C2B0,5.0,Jul01'25,AA1 (MOODY),,May 31 '18,0.94,Semi-Annual,102.039,2.7762000000000002,,,,
MUNI 5917454G6,4.0,Jul01'25,AA2 (MOODY),NoMD,Jul 19 '18,0.94,Semi-Annual,101.139,2.7575000000000003,NoMD,NoMD,NoMD,
MUNI 373385CJ0,5.0,Jul01'25,AAA (MOODY),,Jul 12 '18,0.94,Semi-Annual,101.877,2.95,,101.269,,
MUNI Unknown 650116CS3,3.223,Jul01'25,A1 (MOODY),NoMD,Jun 01 '16,0.94,Semi-Annual,100.339,2.8520000000000003,NoMD,96.063,NoMD,
MUNI 3411504N7,5.0,Jul01'25,AAA (MOODY),,Jul 19 '18,0.94,Semi-Annual,102.937,1.82,,,,
MUNI 442349CQ7,5.0,Jul01'25,A1 (MOODY),,Aug 02 '18,0.94,Semi-Annual,101.819,3.0125,,,,
MUNI 939720ZQ4,5.0,Jul01'25,AA1 (MOODY),,Aug 30 '18,0.94,Semi-Annual,101.749,3.088,,,,
MUNI 499746H57,5.0,Jul01'25,AA2 (MOODY),,Sep 14 '18,0.94,Semi-Annual,101.945,2.8771,,,,
MUNI 040649MT9,5.0,Jul01'25,AA1 (MOODY),,Aug 23 '18,0.94,Semi-Annual,101.890,2.9361,,,,
MUNI Unknown 59333FUM0,5.0,Jul01'25,,,Sep 28 '16,0.94,Semi-Annual,101.999,2.8191,,,,
MUNI 34160KAG5,5.0,Jul01'25,AA1 (MOODY),,Sep 20 '18,0.94,Semi-Annual,101.995,2.8234000000000004,,,,
MUNI 732147EJ8,5.0,Jul01'25,AA2 (MOODY),,Oct 02 '18,0.94,Semi-Annual,101.799,3.0340000000000003,,,,
MUNI 937220EX5,4.0,Jul01'25,A1 (MOODY),,Oct 17 '18,0.94,Semi-Annual,101.725,2.128,,,,
MUNI 64990GHE5,5.0,Jul01'25,AA3 (MOODY),,Oct 11 '18,0.94,Semi-Annual,102.832,1.931,,,,
MUNI 592112TB2,5.0,Jul01'25,AA2 (MOODY),,Oct 25 '18,0.94,Semi-Annual,102.214,2.5889,,,,
MUNI 5444955D2,5.0,Jul01'25,AA2 (MOODY),,Nov 01 '18,0.94,Semi-Annual,102.185,2.6199000000000003,,,,
MUNI 56756TAF1,5.0,Jul01'25,AA3 (MOODY),,Oct 30 '18,0.94,Semi-Annual,101.890,2.9361,,,,
MUNI 495290AQ1,5.0,Jul01'25,AA1 (MOODY),,Nov 15 '18,0.94,Semi-Annual,102.840,1.923,,,,
MUNI 544525XQ6,5.0,Jul01'25,AA2 (MOODY),NoMD,Nov 29 '18,0.94,Semi-Annual,102.271,2.528,NoMD,NoMD,NoMD,
MUNI Unknown 938782FZ7,5.0,Jul01'25,NoMD,NoMD,Dec 18 '18,0.94,Semi-Annual,101.733,3.105,NoMD,NoMD,NoMD,
MUNI 31200CBU9,5.0,Jul01'25,A1 (MOODY),,Jan 08 '19,0.94,Semi-Annual,101.620,3.2268000000000003,,,,
MUNI 5444955M2,5.0,Jul01'25,AA2 (MOODY),,Dec 20 '18,0.94,Semi-Annual,102.088,2.7237,,,,
MUNI 34160WB52,5.0,Jul01'25,AA3 (MOODY),,Jan 24 '19,0.94,Semi-Annual,101.985,2.8342,,,,
MUNI 90341UEX6,5.0,Jul01'25,A1 (MOODY),,Jan 16 '19,0.94,Semi-Annual,102.639,2.136,,,,
MUNI 57582RWG7,5.0,Jul01'25,AA1 (MOODY),,Jan 17 '19,0.94,Semi-Annual,101.923,2.9010000000000002,,101.259,,
MUNI 567184LK0,5.0,Jul01'25,AAA (MOODY),NoMD,Jan 24 '19,0.94,Semi-Annual,102.980,1.7750000000000001,NoMD,NoMD,NoMD,
MUNI 343137EJ0,5.0,Jul01'25,AA2 (MOODY),NoMD,Feb 21 '19,0.94,Semi-Annual,101.923,2.9007,NoMD,NoMD,NoMD,
MUNI 917542VT6,5.0,Jul01'25,AAA (MOODY),,Feb 05 '19,0.94,Semi-Annual,102.057,2.7569000000000004,,,,
MUNI 341507S93,5.0,Jul01'25,AA3 (MOODY),,Mar 07 '19,0.94,Semi-Annual,101.867,2.9609,,,,
MUNI 575896SX4,5.0,Jul01'25,AA2 (MOODY),,Feb 13 '19,0.94,Semi-Annual,101.524,3.33,,,,
MUNI 3411505U0,5.0,Jul01'25,AAA (MOODY),NoMD,Apr 04 '19,0.94,Semi-Annual,102.017,2.8000000000000003,NoMD,NoMD,NoMD,
MUNI 801495U75,5.0,Jul01'25,AAA (MOODY),NoMD,Apr 11 '19,0.94,Semi-Annual,101.770,3.0652000000000004,NoMD,NoMD,NoMD,
MUNI 54466HHS8,5.0,Jul01'25,AA1 (MOODY),NoMD,Apr 16 '19,0.94,Semi-Annual,102.078,2.734,NoMD,NoMD,NoMD,
MUNI 911157LT0,5.0,Jul01'25,AA3 (MOODY),,Apr 11 '19,0.94,Semi-Annual,102.876,1.8847,,,,
MUNI 64990GLH3,5.0,Jul01'25,AA1 (MOODY),,Apr 25 '19,0.94,Semi-Annual,102.044,2.7709,,,,
MUNI 34161HAF3,5.0,Jul01'25,A1 (MOODY),,May 23 '19,0.94,Semi-Annual,101.610,3.2376,,,,
MUNI 544647AS9,5.0,Jul01'25,AA2 (MOODY),,May 29 '19,0.94,Semi-Annual,102.158,2.649,,,,
MUNI 590545M30,5.0,Jul01'25,AA2 (MOODY),,May 23 '19,0.94,Semi-Annual,101.927,2.8964000000000003,,,,
MUNI Unknown 57320FAF6,5.0,Jul01'25,NoMD,NoMD,May 23 '19,0.94,Semi-Annual,101.793,3.04,NoMD,NoMD,NoMD,
MUNI 34157PCT9,5.0,Jul01'25,AA3 (MOODY),,Jul 02 '19,0.94,Semi-Annual,101.145,3.7411000000000003,,,,
MUNI 939720P93,5.0,Jul01'25,AA1 (MOODY),,Jun 24 '19,0.94,Semi-Annual,101.839,2.991,,,,
MUNI Unknown 75902JBK4,5.0,Jul01'25,NoMD,NoMD,Jun 27 '19,0.94,Semi-Annual,102.949,1.8070000000000002,NoMD,NoMD,NoMD,
MUNI 18085PRG1,5.0,Jul01'25,AA2 (MOODY),,Jul 01 '19,0.94,Semi-Annual,101.943,2.8792,,,,
MUNI 113073AF7,5.0,Jul01'25,AA2 (MOODY),,Aug 20 '19,0.94,Semi-Annual,102.780,1.986,,,,
MUNI Unknown 59333FVS6,5.0,Jul01'25,,,Oct 24 '18,0.94,Semi-Annual,101.929,2.8943000000000003,,,,
MUNI Unknown 59266TQW4,5.0,Jul01'25,NoMD,NoMD,Jun 27 '19,0.94,Semi-Annual,102.040,2.7752000000000003,NoMD,NoMD,NoMD,
MUNI 5917454J0,5.0,Jul01'25,AA2 (MOODY),NoMD,Jul 02 '19,0.94,Semi-Annual,102.945,1.8117,NoMD,NoMD,NoMD,
MUNI 575896UR4,5.0,Jul01'25,AA2 (MOODY),,Jul 17 '19,0.94,Semi-Annual,101.524,3.33,,,,
MUNI 373385DZ3,5.0,Jul01'25,AAA (MOODY),,Jul 18 '19,0.94,Semi-Annual,101.959,2.862,,101.269,,
MUNI 246343MS3,5.0,Jul01'25,A1 (MOODY),,Jul 31 '19,0.94,Semi-Annual,101.904,2.9210000000000003,,,,
MUNI 914026VK2,5.0,Jul01'25,AA2 (MOODY),NoMD,Sep 19 '19,0.94,Semi-Annual,101.841,2.9890000000000003,NoMD,NoMD,NoMD,
MUNI 939720T81,5.0,Jul01'25,AA1 (MOODY),,Oct 15 '19,0.94,Semi-Annual,102.966,1.7890000000000001,,,,
MUNI Unknown 84247PKV2,5.0,Jul01'25,,,Oct 23 '19,0.94,Semi-Annual,102.280,2.5184,,,,
MUNI 810489VG6,2.15,Jul01'25,AA1 (MOODY),,Oct 23 '19,0.94,Semi-Annual,97.505,4.907900000000001,,95.250,,
MUNI 34160DAF3,5.0,Jul01'25,A1 (MOODY),,Nov 07 '19,0.94,Semi-Annual,101.914,2.9104,,,,
MUNI 04780TDV3,5.0,Jul01'25,AA3 (MOODY),,Oct 29 '19,0.94,Semi-Annual,101.870,2.9576000000000002,,,,
MUNI 773008AW7,5.0,Jul01'25,A1 (MOODY),NoMD,Nov 07 '19,0.94,Semi-Annual,102.629,2.1466000000000003,NoMD,NoMD,NoMD,
MUNI Unknown 70643QGL6,5.0,Jul01'25,,,Nov 07 '19,0.94,Semi-Annual,101.876,2.9512,,,,
MUNI 438701U69,4.0,Jul01'25,AA2 (MOODY),NoMD,Nov 06 '19,0.94,Semi-Annual,100.991,2.9174,NoMD,NoMD,NoMD,
MUNI 438701R97,4.0,Jul01'25,AA2 (MOODY),NoMD,Nov 06 '19,0.94,Semi-Annual,100.854,3.0660000000000003,NoMD,NoMD,NoMD,
MUNI 153476EQ5,5.0,Jul01'25,A1 (MOODY),NoMD,Dec 05 '19,0.94,Semi-Annual,101.881,2.9458,NoMD,NoMD,NoMD,
MUNI 181006HJ9,5.0,Jul01'25,AA2 (MOODY),NoMD,Nov 27 '19,0.94,Semi-Annual,101.860,2.9684,NoMD,NoMD,NoMD,
MUNI 534247PQ8,4.0,Jul01'25,AA1 (MOODY),,Dec 30 '19,0.94,Semi-Annual,101.846,1.998,,,,
MUNI 040654XV2,2.058,Jul01'25,AA1 (MOODY),NoMD,Feb 12 '20,0.94,Semi-Annual,97.373,4.9631,NoMD,95.732,NoMD,
MUNI 57584YWQ8,5.0,Jul01'25,AA3 (MOODY),,Jan 29 '20,0.94,Semi-Annual,102.071,2.7419000000000002,,,,
MUNI 462575GJ4,5.0,Jul01'25,AA3 (MOODY),,Mar 01 '20,0.94,Semi-Annual,102.875,1.8857000000000002,,,,
MUNI 917542WJ7,3.0,Jul01'25,AAA (MOODY),,Feb 27 '20,0.94,Semi-Annual,99.815,3.201,,,,
MUNI 917542WH1,5.0,Jul01'25,AAA (MOODY),NoMD,Feb 27 '20,0.94,Semi-Annual,101.960,2.861,NoMD,101.305,NoMD,
MUNI 161035KH2,1.624,Jul01'25,AAA (MOODY),,Mar 04 '20,0.94,Semi-Annual,98.037,3.7771000000000003,,94.880,,
MUNI Unknown 721876UP3,5.0,Jul01'25,,,Mar 05 '20,0.94,Semi-Annual,101.847,2.982,,,,
MUNI 267045MQ2,5.0,Jul01'25,AA3 (MOODY),NoMD,Apr 02 '20,0.94,Semi-Annual,102.851,1.9111,NoMD,NoMD,NoMD,
MUNI 544532AS3,5.0,Jul01'25,AA2 (MOODY),,May 01 '20,0.94,Semi-Annual,102.070,2.7430000000000003,,,,
MUNI Unknown 163103VM3,5.0,Jul01'25,,,May 01 '20,0.94,Semi-Annual,101.790,3.044,,,,
MUNI Unknown 163103UU6,5.0,Jul01'25,NoMD,NoMD,May 01 '20,0.94,Semi-Annual,101.910,2.915,NoMD,NoMD,NoMD,
MUNI 544647BG4,5.0,Jul01'25,AA2 (MOODY),,Apr 30 '20,0.94,Semi-Annual,103.115,1.6320000000000001,,101.352,,
MUNI 566897WZ3,5.0,Jul01'25,AA2 (MOODY),NoMD,May 06 '20,0.94,Semi-Annual,102.002,2.8159,NoMD,NoMD,NoMD,
MUNI 639558AE5,5.0,Jul01'25,AA3 (MOODY),NoMD,May 19 '20,0.94,Semi-Annual,101.980,2.8395,NoMD,NoMD,NoMD,
MUNI 567389XV8,5.0,Jul01'25,AAA (MOODY),,Jun 09 '20,0.94,Semi-Annual,102.044,2.7709,,,,
MUNI 20772KJX8,2.098,Jul01'25,AA3 (MOODY),,Jun 11 '20,0.94,Semi-Annual,97.364,5.0141,,95.203,,
MUNI 575579G35,5.0,Jul01'25,AA3 (MOODY),,Jun 11 '20,0.94,Semi-Annual,102.137,2.6713,,,,
MUNI 544525YW2,5.0,Jul01'25,AA2 (MOODY),NoMD,Jul 01 '20,0.94,Semi-Annual,102.195,2.6092,NoMD,NoMD,NoMD,
MUNI 39081HCH3,1.654,Jul01'25,AA3 (MOODY),,Jun 16 '20,0.94,Semi-Annual,97.009,4.9621,,,,
MUNI 246381QD2,5.0,Jul01'25,AAA (MOODY),,Jun 16 '20,0.94,Semi-Annual,101.911,2.914,,,,
MUNI 702750FG0,5.0,Jul01'25,AA1 (MOODY),,Jul 01 '20,0.94,Semi-Annual,102.810,1.9546000000000001,,,,
MUNI 57582RD94,5.0,Jul01'25,AA1 (MOODY),,Jul 09 '20,0.94,Semi-Annual,101.967,2.853,,101.259,,
MUNI 9397202M9,5.0,Jul01'25,AA1 (MOODY),,Jul 21 '20,0.94,Semi-Annual,102.973,1.782,,,,
MUNI 13281NYG1,5.0,Jul01'25,A2 (MOODY),,Jul 29 '20,0.94,Semi-Annual,101.859,2.9695,,,,
MUNI 13059RBH5,4.0,Jul01'25,A1 (MOODY),,Aug 04 '20,0.94,Semi-Annual,101.846,1.9985000000000002,,,,
MUNI 438687PN9,0.96,Jul01'25,AA2 (MOODY),NoMD,Aug 05 '20,0.94,Semi-Annual,96.427,4.9112,NoMD,94.170,NoMD,
MUNI 438687MK8,5.0,Jul01'25,AA2 (MOODY),,Sep 03 '20,0.94,Semi-Annual,102.009,2.8084000000000002,,,,
MUNI 71884AF20,0.959,Jul01'25,AA1 (MOODY),,Aug 25 '20,0.94,Semi-Annual,96.385,4.958,,94.169,,
