Financial Instrument,Coupon,Maturity,Ratings,Issuer Debt/Equity,Issue Date,Time-To-Maturity (TTM),Payment Frequency,Ask,Ask Yield,Duration %  ,Bid,Convexity,
MUNI 249182RV0,5.0,Nov15'24,AA3 (MOODY),,Nov 15 '22,0.31,Semi-Annual,100.684,2.7367,,99.000,,
MUNI Unknown 89602HFB8,5.0,Nov15'24,,,Jan 12 '23,0.31,Semi-Annual,100.743,2.547,,98.949,,
MUNI 914225HU4,5.0,Nov15'24,AA3 (MOODY),,Nov 21 '23,0.31,Semi-Annual,100.743,2.5469,,99.000,,
MUNI 57582NJ22,5.5,Dec01'24,AA1 (MOODY),,Nov 18 '04,0.36,Semi-Annual,100.930,2.8148,,99.102,,
MUNI 512804RC1,5.25,Dec01'24,AA1 (MOODY),,Nov 03 '05,0.36,Semi-Annual,100.905,2.6403000000000003,,99.010,,
MUNI 677632ZS3,5.0,Dec01'24,AA1 (MOODY),,Oct 06 '10,0.36,Semi-Annual,100.886,2.4488000000000003,,98.918,,
MUNI 649907XX5,3.892,Dec01'24,AA1 (MOODY),,Dec 19 '13,0.36,Semi-Annual,99.533,5.2103,,98.509,,
MUNI 914072SY0,5.0,Dec01'24,AA2 (MOODY),,Jun 01 '14,0.36,Semi-Annual,100.809,2.6656,,98.918,,
MUNI 65070RBM9,5.0,Dec01'24,A1 (MOODY),,Oct 30 '14,0.36,Semi-Annual,100.647,3.123,,98.918,,
MUNI 13068LSU0,5.0,Dec01'24,AA3 (MOODY),,Nov 18 '14,0.36,Semi-Annual,100.721,2.914,,98.918,,
MUNI 235241PW0,5.0,Dec01'24,AA2 (MOODY),,Dec 11 '14,0.36,Semi-Annual,100.748,2.8376,,98.918,,
MUNI Unknown 167560RG8,5.0,Dec01'24,,,Jan 06 '15,0.36,Semi-Annual,100.828,2.6121000000000003,,98.934,,
MUNI 54473EQG2,5.0,Dec01'24,AA2 (MOODY),,Feb 04 '15,0.36,Semi-Annual,100.871,2.491,,98.918,,
MUNI 680616A33,5.0,Dec01'24,AA1 (MOODY),,Mar 10 '15,0.36,Semi-Annual,100.834,2.5952,,98.918,,
MUNI 59447P7J4,5.0,Dec01'24,AA3 (MOODY),,Feb 26 '15,0.36,Semi-Annual,100.654,3.103,,98.944,,
MUNI 833240GS7,3.0,Dec01'24,AA3 (MOODY),,Mar 26 '15,0.36,Semi-Annual,99.800,3.5583,,98.178,,
MUNI 67756DDX1,5.0,Dec01'24,A2 (MOODY),,Apr 01 '15,0.36,Semi-Annual,100.820,2.6346000000000003,,98.918,,
MUNI 57587AHX9,3.3,Dec01'24,AA1 (MOODY),,Mar 26 '15,0.36,Semi-Annual,99.840,3.7414,,98.356,,
MUNI Unknown 603670SU5,5.0,Dec01'24,,,May 13 '15,0.36,Semi-Annual,100.844,2.567,,98.918,,
MUNI 949232DB5,4.0,Dec01'24,AA2 (MOODY),,May 21 '15,0.36,Semi-Annual,100.462,2.6624000000000003,,98.549,,
MUNI 8126264S5,5.0,Dec01'24,AAA (MOODY),,May 21 '15,0.36,Semi-Annual,100.806,2.674,,98.918,,
MUNI 54589TEF5,5.0,Dec01'24,AAA (MOODY),,Jun 23 '15,0.36,Semi-Annual,100.845,2.5642,,98.975,,
MUNI 962526ES4,3.0,Dec01'24,A1 (MOODY),,Jul 23 '15,0.36,Semi-Annual,99.680,3.9023000000000003,,98.250,,
MUNI 895139ET6,5.0,Dec01'24,A2 (MOODY),,Sep 04 '15,0.36,Semi-Annual,100.688,3.007,,98.918,,
MUNI 671392GR3,5.0,Dec01'24,AA2 (MOODY),,Sep 08 '15,0.36,Semi-Annual,100.771,2.7727,,98.918,,
MUNI 8330853Z4,5.0,Dec01'24,AA1 (MOODY),,Aug 27 '15,0.36,Semi-Annual,100.828,2.6121000000000003,,98.980,,
MUNI Unknown 016364CP4,5.0,Dec01'24,,,Sep 22 '15,0.36,Semi-Annual,100.748,2.8376,,98.918,,
MUNI Unknown 786060AJ2,5.0,Dec01'24,,,Oct 14 '15,0.36,Semi-Annual,100.604,3.244,,98.959,,
MUNI 240493BL9,5.0,Dec01'24,AA2 (MOODY),,Nov 30 '15,0.36,Semi-Annual,100.835,2.5923000000000003,,98.918,,
MUNI 67766WWV0,5.0,Dec01'24,AAA (MOODY),,Jan 13 '16,0.36,Semi-Annual,100.982,2.1789,,98.918,,
MUNI Unknown 960680CA2,5.0,Dec01'24,,,Dec 17 '15,0.36,Semi-Annual,100.570,3.3406000000000002,,98.975,,
MUNI Unknown 118683ED9,4.0,Dec01'24,,,Dec 30 '15,0.36,Semi-Annual,100.240,3.2924,,98.603,,
MUNI 172217XG1,4.0,Dec01'24,AA2 (MOODY),,Feb 04 '16,0.36,Semi-Annual,100.468,2.6454,,98.549,,
MUNI 641480HW1,5.0,Dec01'24,AA1 (MOODY),,Mar 09 '16,0.36,Semi-Annual,100.826,2.6177,,98.918,,
MUNI 386545KS5,5.0,Dec01'24,A1 (MOODY),,May 03 '16,0.36,Semi-Annual,100.761,2.8009,,98.944,,
MUNI Unknown 01179RRJ4,5.0,Dec01'24,,,Apr 21 '16,0.36,Semi-Annual,100.506,3.5219,,98.954,,
MUNI 249174UG6,5.0,Dec01'24,AA2 (MOODY),,May 10 '16,0.36,Semi-Annual,100.814,2.6510000000000002,,98.918,,
MUNI 630412WT7,3.0,Dec01'24,AAA (MOODY),,Jun 22 '16,0.36,Semi-Annual,99.813,3.5211,,98.302,,
MUNI 833153UT4,5.0,Dec01'24,AAA (MOODY),,Jul 12 '16,0.36,Semi-Annual,100.842,2.5726,,98.918,,
MUNI 163188GT6,3.0,Dec01'24,AAA (MOODY),,Jul 21 '16,0.36,Semi-Annual,99.820,3.5011,,98.250,,
MUNI 715093HV5,5.0,Dec01'24,A1 (MOODY),,Sep 06 '16,0.36,Semi-Annual,100.605,3.242,,98.954,,
MUNI 07832RAK5,5.0,Dec01'24,AA2 (MOODY),,Sep 07 '16,0.36,Semi-Annual,100.824,2.6233,,98.918,,
MUNI 407287LZ2,5.0,Dec01'24,AA3 (MOODY),,Sep 07 '16,0.36,Semi-Annual,100.790,2.7191,,98.918,,
MUNI 735422NQ6,5.0,Dec01'24,AA2 (MOODY),,Sep 08 '16,0.36,Semi-Annual,100.781,2.7445,,98.934,,
MUNI Unknown 080023NC4,5.0,Dec01'24,,,Sep 08 '16,0.36,Semi-Annual,100.738,2.8658,,98.918,,
MUNI 8827567S2,5.0,Dec01'24,AA2 (MOODY),,Sep 15 '16,0.36,Semi-Annual,100.780,2.7473,,98.918,,
MUNI 556583YL0,4.0,Dec01'24,AA3 (MOODY),,Oct 11 '16,0.36,Semi-Annual,100.353,2.971,,98.549,,
MUNI 584002UN7,5.0,Dec01'24,AAA (MOODY),,Oct 18 '16,0.36,Semi-Annual,100.834,2.5952,,98.918,,
MUNI 709224RP6,5.0,Dec01'24,A1 (MOODY),,Oct 20 '16,0.36,Semi-Annual,100.688,3.007,,98.918,,
MUNI 523743BB7,5.0,Dec01'24,A1 (MOODY),,Oct 11 '16,0.36,Semi-Annual,100.612,3.2218,,98.944,,
MUNI Unknown 986370MM3,5.0,Dec01'24,,,Nov 23 '16,0.36,Semi-Annual,100.762,2.7981000000000003,,98.918,,
MUNI 67756DJM9,5.0,Dec01'24,AA3 (MOODY),,Nov 30 '16,0.36,Semi-Annual,100.683,3.0210000000000004,,98.918,,
MUNI Unknown 793071QP9,5.0,Dec01'24,,,Dec 01 '16,0.36,Semi-Annual,100.833,2.5980000000000003,,98.918,,
MUNI 495098YR0,5.0,Dec01'24,AAA (MOODY),,Nov 17 '16,0.36,Semi-Annual,100.768,2.7812,,98.918,,
MUNI Unknown 884769AR1,2.5,Dec01'24,,,Nov 22 '16,0.36,Semi-Annual,100.041,2.374,,98.084,,
MUNI 172311ME9,5.0,Dec01'24,AAA (MOODY),,Dec 06 '16,0.36,Semi-Annual,100.732,2.883,,98.959,,
MUNI 172311LX8,5.0,Dec01'24,AAA (MOODY),,Dec 06 '16,0.36,Semi-Annual,100.863,2.5135,,98.944,,
MUNI 57582RLP9,5.0,Dec01'24,AA1 (MOODY),,Dec 08 '16,0.36,Semi-Annual,100.859,2.525,,98.959,,
MUNI 689900ZC5,3.0,Dec01'24,AAA (MOODY),,Dec 28 '16,0.36,Semi-Annual,99.884,3.318,,98.209,,
MUNI 249174VC4,5.0,Dec01'24,AA1 (MOODY),,Jan 25 '17,0.36,Semi-Annual,100.774,2.7642,,98.918,,
MUNI 431621SJ1,4.0,Dec01'24,AA1 (MOODY),,Feb 15 '17,0.36,Semi-Annual,100.443,2.7162,,98.549,,
MUNI 16532LME3,5.0,Dec01'24,AAA (MOODY),,Mar 30 '17,0.36,Semi-Annual,100.821,2.6318,,98.934,,
MUNI 848641JJ6,5.0,Dec01'24,AA3 (MOODY),,May 22 '17,0.36,Semi-Annual,100.782,2.7417000000000002,,98.918,,
MUNI 54589TFV9,5.0,Dec01'24,AAA (MOODY),,Jun 15 '17,0.36,Semi-Annual,100.830,2.6064000000000003,,98.913,,
MUNI 011839NF0,5.0,Dec01'24,AA2 (MOODY),,Sep 06 '17,0.36,Semi-Annual,100.806,2.674,,98.918,,
MUNI 4952243J4,5.0,Dec01'24,AAA (MOODY),,Aug 23 '17,0.36,Semi-Annual,100.774,2.7642,,98.934,,
MUNI 914460QU7,5.0,Dec01'24,AA1 (MOODY),,Sep 28 '17,0.36,Semi-Annual,100.808,2.6684,,98.944,,
MUNI 586226HJ4,4.0,Dec01'24,AA1 (MOODY),,Sep 28 '17,0.36,Semi-Annual,100.437,2.7332,,98.549,,
MUNI 709224YN3,5.0,Dec01'24,AA3 (MOODY),,Oct 11 '17,0.36,Semi-Annual,100.807,2.6712000000000002,,98.918,,
MUNI 59447TQC0,5.0,Dec01'24,AA3 (MOODY),,Dec 21 '17,0.36,Semi-Annual,100.754,2.8206,,98.954,,
MUNI 59465HUK0,5.0,Dec01'24,AA3 (MOODY),,Nov 13 '08,0.36,Semi-Annual,100.733,2.8799,,98.944,,
MUNI 232392AJ9,5.0,Dec01'24,AA1 (MOODY),,Mar 01 '18,0.36,Semi-Annual,100.787,2.7276000000000002,,98.918,,
MUNI 594654BX2,2.7,Dec01'24,AA2 (MOODY),,Mar 28 '18,0.36,Semi-Annual,99.730,3.4609,,98.155,,
MUNI 720286DF7,5.0,Dec01'24,AA2 (MOODY),,Jun 05 '18,0.36,Semi-Annual,100.784,2.736,,98.918,,
MUNI 68825WFB0,3.0,Dec01'24,AA3 (MOODY),,Jun 28 '18,0.36,Semi-Annual,99.971,3.0700000000000003,,98.250,,
MUNI 181234L78,5.0,Dec01'24,AA3 (MOODY),,Jun 27 '18,0.36,Semi-Annual,100.700,2.9731,,98.918,,
MUNI Unknown 654200LV4,5.0,Dec01'24,,,Oct 17 '18,0.36,Semi-Annual,100.780,2.7473,,98.918,,
MUNI 13067WPT3,5.0,Dec01'24,AA1 (MOODY),NoMD,Oct 18 '18,0.36,Semi-Annual,100.674,3.0460000000000003,NoMD,98.969,NoMD,
MUNI Unknown 54628CGH9,5.0,Dec01'24,,,Dec 20 '18,0.36,Semi-Annual,100.745,2.846,,98.918,,
MUNI 26371GTJ9,5.0,Dec01'24,AA1 (MOODY),,Feb 27 '19,0.36,Semi-Annual,100.800,2.6909,,98.918,,
MUNI 235241SX5,5.0,Dec01'24,AA2 (MOODY),,Apr 09 '19,0.36,Semi-Annual,100.758,2.8094,,98.918,,
MUNI Unknown 34802PBW2,5.0,Dec01'24,NoMD,NoMD,Apr 11 '19,0.36,Semi-Annual,100.685,3.015,NoMD,98.918,NoMD,
MUNI 886112FS5,5.0,Dec01'24,AAA (MOODY),,Jun 04 '19,0.36,Semi-Annual,100.785,2.7332,,98.934,,
MUNI 078674AE8,5.0,Dec01'24,AA3 (MOODY),,Aug 29 '19,0.36,Semi-Annual,100.796,2.7022,,98.918,,
MUNI 649717UQ6,5.0,Dec01'24,A2 (MOODY),,Sep 05 '19,0.36,Semi-Annual,100.660,3.0860000000000003,,98.944,,
MUNI 485116XY8,5.0,Dec01'24,AA2 (MOODY),,Aug 07 '19,0.36,Semi-Annual,100.812,2.6571000000000002,,98.918,,
MUNI Unknown 215075KT8,4.0,Dec01'24,,,Oct 16 '19,0.36,Semi-Annual,100.232,3.315,,98.549,,
MUNI Unknown 215075LA8,2.182,Dec01'24,,,Oct 16 '19,0.36,Semi-Annual,100.665,0.29410000000000003,,97.873,,
MUNI 1995075V2,4.0,Dec01'24,AA2 (MOODY),,Oct 17 '19,0.36,Semi-Annual,100.421,2.7786,,98.549,,
MUNI Unknown 899052NB6,5.0,Dec01'24,,,Oct 23 '19,0.36,Semi-Annual,100.833,2.5980000000000003,,98.918,,
MUNI 602248LB0,5.0,Dec01'24,A1 (MOODY),,Oct 30 '19,0.36,Semi-Annual,100.762,2.7981000000000003,,98.918,,
MUNI 57586N5V9,1.45,Dec01'24,AA2 (MOODY),,Dec 12 '19,0.36,Semi-Annual,99.483,2.9244000000000003,,97.599,,
MUNI 575175HX5,4.0,Dec01'24,AA3 (MOODY),,Mar 03 '20,0.36,Semi-Annual,100.233,3.3123,,98.572,,
MUNI Unknown 161669AC0,1.86,Dec01'24,,,Mar 09 '20,0.36,Semi-Annual,98.907,4.9992,,97.752,,
MUNI 485116YM3,5.0,Dec01'24,AA2 (MOODY),NoMD,Jun 24 '20,0.36,Semi-Annual,100.805,2.6769000000000003,NoMD,98.918,NoMD,
MUNI 01179RE33,5.0,Dec01'24,A1 (MOODY),,Jul 07 '20,0.36,Semi-Annual,100.655,3.1,,98.980,,
MUNI Unknown 791526QB5,5.0,Dec01'24,NoMD,NoMD,Jul 22 '20,0.36,Semi-Annual,100.530,3.4539,NoMD,98.934,NoMD,
MUNI 045333DD0,5.0,Dec01'24,AA2 (MOODY),,Sep 02 '20,0.36,Semi-Annual,100.655,3.1,,98.934,,
MUNI 011839WH6,1.006,Dec01'24,AA2 (MOODY),,Oct 13 '20,0.36,Semi-Annual,98.480,5.3886,,97.600,,
MUNI Unknown 74526LFB4,5.0,Dec01'24,,,Oct 13 '20,0.36,Semi-Annual,100.787,2.7276000000000002,,98.954,,
MUNI 67766WZM7,5.0,Dec01'24,AAA (MOODY),,Oct 20 '20,0.36,Semi-Annual,100.814,2.6515,,98.944,,
MUNI 464622DB2,5.0,Dec01'24,AA2 (MOODY),,Oct 29 '20,0.36,Semi-Annual,100.616,3.21,,98.934,,
MUNI 235241VG8,0.761,Dec01'24,AA2 (MOODY),,Nov 18 '20,0.36,Semi-Annual,100.200,0.1935,,97.368,,
MUNI 962468EU4,4.0,Dec01'24,AA3 (MOODY),,Feb 10 '21,0.36,Semi-Annual,100.403,2.8296,,98.549,,
MUNI 13063DB49,5.0,Dec01'24,AA2 (MOODY),,Mar 23 '21,0.36,Semi-Annual,100.829,2.609,,98.954,,
MUNI 527843BM7,4.0,Dec01'24,AA3 (MOODY),,May 04 '21,0.36,Semi-Annual,100.419,2.7842000000000002,,98.549,,
MUNI 269479JT9,0.56,Dec01'24,AA1 (MOODY),,Aug 19 '21,0.36,Semi-Annual,98.387,5.2121,,97.230,,
MUNI Unknown 770286KU5,3.0,Dec01'24,,,Sep 15 '21,0.36,Semi-Annual,99.907,3.2520000000000002,,98.250,,
MUNI Unknown 680616W96,4.0,Dec01'24,,,Oct 13 '21,0.36,Semi-Annual,100.430,2.7531000000000003,,98.549,,
MUNI 574204S79,5.0,Dec01'24,AA1 (MOODY),,Oct 07 '21,0.36,Semi-Annual,100.657,3.095,,98.918,,
MUNI 574204U43,5.0,Dec01'24,AA1 (MOODY),,Nov 03 '22,0.36,Semi-Annual,100.860,2.5220000000000002,,98.918,,
MUNI 485116ZL4,5.0,Dec01'24,AA2 (MOODY),,Oct 27 '21,0.36,Semi-Annual,100.811,2.66,,98.918,,
MUNI Unknown 519842BT4,5.0,Dec01'24,,,Dec 01 '21,0.36,Semi-Annual,100.622,3.193,,98.918,,
MUNI Unknown 167560VM0,5.0,Dec01'24,,,Dec 07 '21,0.36,Semi-Annual,100.803,2.6825,,98.934,,
MUNI 494619GJ2,5.0,Dec01'24,AAA (MOODY),,Sep 08 '22,0.36,Semi-Annual,100.768,2.7812,,98.918,,
MUNI 833136QS6,5.0,Dec01'24,AAA (MOODY),,Dec 06 '22,0.36,Semi-Annual,100.848,2.5557000000000003,,98.918,,
MUNI Unknown 214615HA7,5.0,Dec01'24,,,Feb 08 '23,0.36,Semi-Annual,100.534,3.4426,,98.969,,
MUNI 966493PG7,5.0,Dec01'24,AAA (MOODY),,Apr 19 '23,0.36,Semi-Annual,100.830,2.6064000000000003,,98.918,,
MUNI 13068XGJ2,5.0,Dec01'24,AA3 (MOODY),,Apr 20 '23,0.36,Semi-Annual,100.738,2.866,,98.954,,
MUNI 101547YG6,5.0,Dec01'24,AA2 (MOODY),,Apr 27 '23,0.36,Semi-Annual,100.816,2.6459,,98.918,,
MUNI 67766WE99,5.0,Dec01'24,AAA (MOODY),,May 03 '23,0.36,Semi-Annual,100.755,2.8178,,98.944,,
MUNI 677632P54,5.0,Dec01'24,AA1 (MOODY),,Sep 26 '23,0.36,Semi-Annual,100.862,2.5163,,98.918,,
MUNI 944514N61,5.0,Dec01'24,A1 (MOODY),,Oct 11 '23,0.36,Semi-Annual,100.430,3.7375000000000003,,98.975,,
MUNI 67884GSM7,5.0,Dec01'24,AA3 (MOODY),,Nov 30 '23,0.36,Semi-Annual,100.765,2.7896,,98.918,,
MUNI 630242HS7,5.0,Dec01'24,AA2 (MOODY),NoMD,Dec 13 '23,0.36,Principal at Maturity,100.718,2.8565,NoMD,98.934,NoMD,
MUNI 13281KZE1,5.0,Dec01'24,A2 (MOODY),,Feb 29 '24,0.36,Semi-Annual,100.573,3.3321,,98.980,,
MUNI 734195CF5,5.0,Dec01'24,AA3 (MOODY),,May 30 '24,0.36,Principal at Maturity,100.909,2.3838,,98.918,,
MUNI 472736P43,5.0,Dec15'24,AA2 (MOODY),,Mar 15 '10,0.40,Semi-Annual,100.834,2.8317,,98.872,,
MUNI 164555AK0,5.0,Dec15'24,AA2 (MOODY),,Oct 14 '14,0.40,Semi-Annual,100.650,3.3011000000000004,,98.887,,
MUNI 65956NEL6,5.0,Dec15'24,A1 (MOODY),,Nov 01 '14,0.40,Semi-Annual,100.824,2.8572,,98.846,,
MUNI Unknown 10146RHP2,5.0,Dec15'24,,,Nov 24 '15,0.40,Semi-Annual,100.885,2.7019,,98.846,,
MUNI 677522HU1,5.0,Dec15'24,AAA (MOODY),NoMD,Mar 09 '16,0.40,Semi-Annual,100.854,2.781,NoMD,98.867,NoMD,
MUNI 976596AJ5,4.0,Dec15'24,AA3 (MOODY),,Jun 23 '16,0.40,Semi-Annual,100.322,3.1540000000000004,,98.441,,
MUNI Unknown 199437MC5,4.0,Dec15'24,,,Sep 30 '16,0.40,Semi-Annual,100.272,3.2824,,98.534,,
MUNI 5463985Z7,5.0,Dec15'24,A1 (MOODY),,Nov 22 '16,0.40,Semi-Annual,100.795,2.931,,98.846,,
MUNI Unknown 791676DT3,4.0,Dec15'24,,,Nov 25 '16,0.40,Semi-Annual,100.214,3.4314,,98.534,,
MUNI 702845KR8,2.617,Dec15'24,AA3 (MOODY),,Sep 27 '17,0.40,Semi-Annual,98.922,5.4123,,97.990,,
MUNI 164555BP8,5.0,Dec15'24,AA1 (MOODY),,Oct 04 '17,0.40,Semi-Annual,100.912,2.6332,,98.846,,
MUNI Unknown 937659CP3,4.0,Dec15'24,,,Oct 17 '17,0.40,Semi-Annual,100.406,2.9387000000000003,,98.441,,
MUNI Unknown 488638EY9,5.0,Dec15'24,,,Oct 24 '17,0.40,Semi-Annual,100.666,3.2602,,98.908,,
MUNI 677581GS3,5.0,Dec15'24,AA1 (MOODY),,Apr 10 '18,0.40,Semi-Annual,100.895,2.6764,,98.846,,
MUNI 258885N24,5.0,Dec15'24,AA2 (MOODY),,Feb 07 '19,0.40,Semi-Annual,100.890,2.6892,,98.882,,
MUNI Unknown 425507HD5,5.0,Dec15'24,,,Sep 05 '19,0.40,Semi-Annual,100.886,2.6993,,98.846,,
MUNI 677581HC7,5.0,Dec15'24,AA1 (MOODY),,Dec 18 '19,0.40,Semi-Annual,100.904,2.6536,,98.846,,
MUNI 483854HT5,0.52,Dec15'24,AAA (MOODY),,Feb 08 '21,0.40,Semi-Annual,99.688,1.32,,96.982,,
MUNI 215489NY7,5.0,Dec15'24,AAA (MOODY),,May 11 '21,0.40,Semi-Annual,100.825,2.8546,,98.846,,
MUNI 258885Q39,5.0,Dec15'24,AA2 (MOODY),,Sep 20 '22,0.40,Semi-Annual,100.840,2.8164000000000002,,98.908,,
MUNI 677581JD3,5.0,Dec15'24,AA1 (MOODY),,Dec 06 '22,0.40,Semi-Annual,100.908,2.6434,,98.872,,
MUNI 95736VDV1,5.0,Dec15'24,AA1 (MOODY),,Dec 15 '22,0.40,Semi-Annual,100.834,2.83,,98.872,,
MUNI 84134TAT6,5.0,Dec15'24,AA1 (MOODY),,Dec 14 '23,0.40,Semi-Annual,100.570,3.5057,,98.882,,
MUNI Unknown 848307BS2,4.0,Dec15'24,,,Aug 07 '24,0.40,Principal at Maturity,100.335,2.7666,,,,
MUNI 262608SP8,4.0,Dec30'24,AA1 (MOODY),,Nov 01 '17,0.44,Semi-Annual,100.378,3.108,,98.411,,
MUNI 454898TH0,5.0,Jan01'25,A1 (MOODY),,Dec 11 '14,0.44,Semi-Annual,101.784,0.8906000000000001,,,,
MUNI 1322852R7,4.0,Jan01'25,AAA (MOODY),,Mar 19 '15,0.44,Semi-Annual,100.652,2.4824,,,,
MUNI 51856ABL8,5.0,Jan01'25,A1 (MOODY),,Jul 02 '15,0.44,Semi-Annual,101.791,0.8748,,,,
MUNI 1663934X3,5.0,Jan01'25,AAA (MOODY),,Sep 03 '15,0.44,Semi-Annual,100.915,2.867,,,,
MUNI 112097WT3,3.0,Jan01'25,AA3 (MOODY),,Jan 01 '16,0.44,Semi-Annual,99.871,3.294,,,,
MUNI Unknown 262633QJ2,5.0,Jan01'25,,,Jan 28 '16,0.44,Semi-Annual,101.823,0.8027000000000001,,,,
MUNI 63165TPX7,5.0,Jan01'25,AA2 (MOODY),,Feb 09 '16,0.44,Semi-Annual,100.808,3.1122,,,,
MUNI 454898UG0,5.0,Jan01'25,A1 (MOODY),,Mar 09 '16,0.44,Semi-Annual,100.814,3.0980000000000003,,,,
MUNI Unknown 927243GV1,2.0,Jan01'25,,,Jun 28 '16,0.44,Semi-Annual,99.217,3.8204000000000002,,,,
MUNI 41981CNP1,5.0,Jan01'25,AA2 (MOODY),NoMD,Sep 08 '16,0.44,Semi-Annual,100.971,2.7382,NoMD,NoMD,NoMD,
MUNI 181108YJ4,5.0,Jan01'25,AA3 (MOODY),,Oct 04 '16,0.44,Semi-Annual,101.865,0.7081000000000001,,,,
MUNI Unknown 506345JW8,5.0,Jan01'25,,,Oct 05 '16,0.44,Semi-Annual,100.661,3.4505000000000003,,,,
MUNI Unknown 89978KBB1,5.0,Jan01'25,,,Oct 04 '16,0.44,Semi-Annual,101.054,2.5482,,,,
MUNI Unknown 167593VG4,5.0,Jan01'25,,,Dec 05 '16,0.44,Semi-Annual,100.938,2.8138,,,,
MUNI Unknown 603827YL4,5.0,Jan01'25,,,Dec 20 '16,0.44,Semi-Annual,100.740,3.2686,,,,
MUNI Unknown 167727YU4,5.0,Jan01'25,,,Jun 21 '17,0.44,Semi-Annual,100.931,2.8298,,,,
MUNI Unknown 167727XV3,5.0,Jan01'25,,,Jun 21 '17,0.44,Semi-Annual,100.633,3.515,,,,
MUNI Unknown 167593YV8,5.0,Jan01'25,,,Jun 28 '17,0.44,Semi-Annual,101.809,0.8340000000000001,,,,
MUNI 677561KB7,5.0,Jan01'25,AA2 (MOODY),,Aug 29 '17,0.44,Semi-Annual,101.140,2.3517,,,,
MUNI 186427EL0,5.0,Jan01'25,AA2 (MOODY),,Oct 03 '17,0.44,Semi-Annual,101.000,2.6718,,,,
MUNI Unknown 45204EXN3,5.0,Jan01'25,,,Sep 12 '17,0.44,Semi-Annual,100.780,3.1765000000000003,,,,
MUNI 843375D94,5.0,Jan01'25,A1 (MOODY),,Oct 11 '17,0.44,Semi-Annual,101.786,0.886,,,,
MUNI 160429WT9,5.0,Jan01'25,AAA (MOODY),,Oct 19 '17,0.44,Semi-Annual,101.883,0.6676000000000001,,,,
MUNI 646140BU6,5.0,Jan01'25,A1 (MOODY),,Dec 14 '17,0.44,Semi-Annual,101.871,0.6950000000000001,,100.458,,
MUNI Unknown 207758XD0,5.0,Jan01'25,,,Feb 08 '18,0.44,Semi-Annual,100.933,2.825,,,,
MUNI 650009P23,5.0,Jan01'25,A1 (MOODY),,Mar 08 '18,0.44,Semi-Annual,100.987,2.7015000000000002,,,,
MUNI 68607KE39,5.0,Jan01'25,AA1 (MOODY),,Apr 10 '18,0.44,Semi-Annual,101.855,0.7306,,,,
MUNI 57563CDD1,5.0,Jan01'25,AA2 (MOODY),,May 10 '18,0.44,Semi-Annual,101.020,2.6260000000000003,,,,
MUNI 181117GE6,5.0,Jan01'25,AA3 (MOODY),,Oct 24 '18,0.44,Semi-Annual,100.958,2.7680000000000002,,,,
MUNI 246352HK7,5.0,Jan01'25,A1 (MOODY),,Dec 18 '18,0.44,Semi-Annual,100.933,2.825,,,,
MUNI 452252NA3,5.0,Jan01'25,AA3 (MOODY),,Jan 10 '19,0.44,Semi-Annual,100.912,2.873,,99.682,,
MUNI 880461XS2,2.25,Jan01'25,AA1 (MOODY),,Mar 21 '19,0.44,Semi-Annual,100.168,1.859,,,,
MUNI 968648G25,5.0,Jan01'25,AA2 (MOODY),,Aug 06 '19,0.44,Semi-Annual,101.796,0.8635,,,,
MUNI Unknown 603827F84,5.0,Jan01'25,,,Oct 03 '19,0.44,Semi-Annual,100.709,3.3399,,,,
MUNI 93974ECT1,5.0,Jan01'25,AAA (MOODY),,Oct 04 '19,0.44,Semi-Annual,100.992,2.6901,,,,
MUNI Unknown 900190JT7,5.0,Jan01'25,,,Oct 08 '19,0.44,Semi-Annual,101.039,2.5825,,,,
MUNI 57563CEJ7,5.0,Jan01'25,AA3 (MOODY),,Oct 23 '19,0.44,Semi-Annual,100.720,3.3146,,,,
MUNI Unknown 153136DA1,5.0,Jan01'25,,,Oct 30 '19,0.44,Semi-Annual,101.750,0.9672000000000001,,,,
MUNI 452252PB9,5.0,Jan01'25,AA3 (MOODY),,Dec 23 '19,0.44,Semi-Annual,100.987,2.7015000000000002,,100.259,,
MUNI 731125LB4,5.0,Jan01'25,AA3 (MOODY),,Feb 03 '20,0.44,Semi-Annual,101.941,0.5372,,,,
MUNI 360066NW0,5.0,Jan01'25,AA2 (MOODY),,Jun 30 '20,0.44,Semi-Annual,100.730,3.2916000000000003,,,,
MUNI 347622CU4,0.95,Jan01'25,AA1 (MOODY),,Aug 04 '20,0.44,Semi-Annual,99.906,1.1659000000000002,,96.991,,
MUNI Unknown 167593Q47,5.0,Jan01'25,,,Oct 07 '20,0.44,Semi-Annual,100.929,2.8344,,,,
MUNI 79574CEU3,5.0,Jan01'25,AA1 (MOODY),,Sep 02 '21,0.44,Semi-Annual,101.008,2.6534,,,,
MUNI 66285WA22,5.0,Jan01'25,A1 (MOODY),,Oct 28 '20,0.44,Semi-Annual,100.976,2.7267,,,,
MUNI 66285WZP4,5.0,Jan01'25,AA3 (MOODY),,Oct 28 '20,0.44,Semi-Annual,100.866,2.979,,,,
MUNI Unknown 150539BG8,6.0,Jan01'25,,,Dec 29 '20,0.44,Semi-Annual,101.128,3.3627000000000002,,,,
MUNI Unknown 713178DT5,4.0,Jan01'25,,,Apr 28 '21,0.44,Semi-Annual,100.240,3.4327,,,,
MUNI 561824D83,5.0,Jan01'25,AA1 (MOODY),,Jul 08 '21,0.44,Semi-Annual,100.902,2.8960000000000004,,,,
MUNI 49474FZH6,4.0,Jan01'25,AAA (MOODY),,Aug 10 '21,0.44,Semi-Annual,100.412,3.035,,,,
MUNI 63968A6X8,5.0,Jan01'25,A1 (MOODY),,Oct 07 '21,0.44,Semi-Annual,101.841,0.7621,,,,
MUNI 882750QW5,0.9,Jan01'25,AAA (MOODY),,Feb 24 '22,0.44,Semi-Annual,99.507,2.0393,,,,
MUNI 66285WK39,5.0,Jan01'25,A1 (MOODY),,Oct 11 '22,0.44,Semi-Annual,101.856,0.728,,,,
MUNI Unknown 603827L61,5.0,Jan01'25,,,Oct 04 '23,0.44,Semi-Annual,101.797,0.8613000000000001,,,,
MUNI Unknown 167562SJ7,5.0,Jan01'25,,,Nov 09 '23,0.44,Semi-Annual,100.933,2.8253,,,,
MUNI 246317KD2,5.0,Jan01'25,A1 (MOODY),,Feb 06 '24,0.44,Semi-Annual,100.700,3.3606000000000003,,,,
MUNI 650009Y49,5.0,Jan01'25,A1 (MOODY),,Feb 15 '24,0.44,Semi-Annual,100.960,2.7634000000000003,,,,
MUNI 839091QD0,5.0,Jan15'25,AA2 (MOODY),,Feb 12 '15,0.48,Semi-Annual,101.950,0.8765000000000001,,,,
MUNI Unknown 45462TEQ1,3.276,Jan15'25,NoMD,NoMD,Sep 15 '15,0.48,Semi-Annual,99.115,5.1808000000000005,NoMD,97.827,NoMD,
MUNI Unknown 715036AK5,5.0,Jan15'25,,,Jun 28 '16,0.48,Semi-Annual,101.824,1.1378000000000001,,,,
MUNI Unknown 520354SB8,5.0,Jan15'25,,,Nov 29 '16,0.48,Semi-Annual,101.847,1.0901,,,,
MUNI 70914PH21,5.0,Jan15'25,AA3 (MOODY),,Dec 16 '16,0.48,Semi-Annual,101.100,2.6517,,100.405,,
MUNI 263327JA7,5.0,Jan15'25,AA1 (MOODY),NoMD,Dec 29 '16,0.48,Semi-Annual,101.845,1.094,NoMD,NoMD,NoMD,
MUNI Unknown 503894GN1,3.0,Jan15'25,,,Mar 30 '17,0.48,Semi-Annual,99.690,3.6612,,,,
MUNI 13281NWS7,4.0,Jan15'25,AA1 (MOODY),,Nov 15 '17,0.48,Semi-Annual,101.502,0.8247,,,,
MUNI Unknown 19923PBM9,5.0,Jan15'25,,,Dec 28 '17,0.48,Semi-Annual,101.838,1.1088,,,,
MUNI 160853TU1,5.0,Jan15'25,AA3 (MOODY),,Nov 13 '18,0.48,Semi-Annual,101.077,2.7002,,,,
MUNI 595685PY8,3.0,Jan15'25,AA3 (MOODY),,Jan 23 '19,0.48,Semi-Annual,99.811,3.402,,,,
MUNI 542519CB7,5.0,Jan15'25,A3 (MOODY),,Mar 19 '19,0.48,Semi-Annual,100.774,3.3405,,,,
MUNI Unknown 36828VFJ9,5.0,Jan15'25,,,May 16 '19,0.48,Semi-Annual,101.785,1.2188,,,,
MUNI 661517WY4,3.0,Jan15'25,AA1 (MOODY),,Dec 02 '19,0.48,Semi-Annual,99.695,3.6510000000000002,,,,
MUNI 76222RZU9,5.0,Jan15'25,AA2 (MOODY),,Dec 19 '19,0.48,Semi-Annual,101.073,2.7086,,,,
MUNI 20772KJJ9,5.0,Jan15'25,AA3 (MOODY),,Jan 07 '20,0.48,Semi-Annual,101.104,2.6433,,100.592,,
MUNI Unknown 181507FJ8,4.0,Jan15'25,,,May 07 '20,0.48,Semi-Annual,101.322,1.2,,,,
MUNI 20772KLN7,4.0,Jan15'25,AA3 (MOODY),,Jan 06 '21,0.48,Semi-Annual,100.608,2.7009000000000003,,100.103,,
MUNI Unknown 45527CBC5,4.0,Jan15'25,,,Jun 02 '21,0.48,Semi-Annual,100.595,2.7284,,,,
MUNI Unknown 62476HDA2,5.0,Jan15'25,,,Nov 03 '21,0.48,Semi-Annual,101.857,1.0693000000000001,,,,
MUNI 273695WS1,1.665,Jan15'25,BAA2 (MOODY),,Oct 21 '21,0.48,Semi-Annual,100.366,0.8908,,97.118,,
MUNI Unknown 626394CR9,4.0,Jan15'25,,,Mar 10 '22,0.48,Semi-Annual,100.549,2.8259000000000003,,,,
MUNI Unknown 45527CBY7,5.0,Jan15'25,NoMD,NoMD,Mar 31 '22,0.48,Semi-Annual,101.952,0.8724000000000001,NoMD,NoMD,NoMD,
MUNI Unknown 143293AD0,5.0,Jan15'25,,,Dec 15 '22,0.48,Semi-Annual,101.910,0.9590000000000001,,,,
MUNI Unknown 270456HL3,5.0,Jan15'25,,,Dec 28 '22,0.48,Semi-Annual,101.857,1.0693000000000001,,,,
MUNI Unknown 946371EZ0,5.0,Jan15'25,,,Nov 14 '23,0.48,Semi-Annual,101.846,1.0922,,,,
MUNI 13281NF49,5.0,Jan15'25,AA1 (MOODY),,Dec 05 '23,0.48,Semi-Annual,100.826,3.23,,,,
MUNI Unknown 821703AS4,5.0,Jan15'25,,,Dec 21 '23,0.48,Semi-Annual,101.726,1.341,,,,
MUNI 20772KUY3,5.0,Jan15'25,AA3 (MOODY),,Jan 11 '24,0.48,Semi-Annual,100.968,2.9301,,100.592,,
MUNI Unknown 730621JH3,5.0,Jan15'25,,,Feb 28 '24,0.48,Semi-Annual,101.985,0.804,,,,
MUNI 676303DG2,5.0,Jan15'25,A1 (MOODY),,Mar 13 '24,0.48,Semi-Annual,100.946,2.9770000000000003,,,,
MUNI Unknown 033896MU2,5.0,Jan20'25,,,Apr 01 '19,0.50,Semi-Annual,100.826,3.282,,100.766,,
MUNI Unknown 507203CR6,4.25,Feb01'25,,,Jan 26 '10,0.53,Semi-Annual,100.520,3.2312000000000003,,,,
MUNI 403755B67,5.0,Feb01'25,AAA (MOODY),,Feb 04 '10,0.53,Semi-Annual,101.142,2.7692,,,,
MUNI 7962532D3,5.25,Feb01'25,AA2 (MOODY),,Jun 01 '12,0.53,Semi-Annual,101.224,2.8579000000000003,,,,
MUNI 270618DT5,3.4,Feb01'25,AA3 (MOODY),,Dec 17 '14,0.53,Semi-Annual,99.199,4.9796000000000005,,97.755,,
MUNI 45506DNZ4,5.0,Feb01'25,AAA (MOODY),,Feb 11 '15,0.53,Semi-Annual,101.037,2.972,,,,
MUNI Unknown 717316P23,5.0,Feb01'25,,,Apr 01 '15,0.53,Semi-Annual,101.051,2.9450000000000003,,,,
MUNI 479340TM3,4.0,Feb01'25,AAA (MOODY),,Apr 21 '15,0.53,Semi-Annual,100.541,2.942,,,,
MUNI Unknown 474750VG8,5.0,Feb01'25,,,Apr 28 '15,0.53,Semi-Annual,101.970,1.1841000000000002,,,,
MUNI 92778VAQ1,5.0,Feb01'25,AA1 (MOODY),,Apr 15 '15,0.53,Semi-Annual,101.188,2.6805000000000003,,,,
MUNI 64971WTA8,2.75,Feb01'25,AA1 (MOODY),,Apr 23 '15,0.53,Semi-Annual,101.158,0.5147,,97.453,,
MUNI 64971WTN0,5.0,Feb01'25,AA1 (MOODY),,Apr 23 '15,0.53,Semi-Annual,102.046,1.0398,,,,
MUNI 792895K52,5.0,Feb01'25,AA2 (MOODY),NoMD,Jun 11 '15,0.53,Semi-Annual,102.128,0.884,NoMD,NoMD,NoMD,
MUNI 7962533Y6,5.0,Feb01'25,AA2 (MOODY),,Aug 01 '15,0.53,Semi-Annual,101.143,2.7673,,,,
MUNI 92778VBW7,5.0,Feb01'25,AA1 (MOODY),,Aug 13 '15,0.53,Semi-Annual,101.236,2.588,,,,
MUNI 616142JF3,4.0,Feb01'25,AA2 (MOODY),,Sep 24 '15,0.53,Semi-Annual,100.594,2.8389,,,,
MUNI 755638XR9,5.0,Feb01'25,A1 (MOODY),,Oct 29 '15,0.53,Semi-Annual,100.898,3.241,,,,
MUNI 264438S37,3.0,Feb01'25,AA2 (MOODY),,Nov 05 '15,0.53,Semi-Annual,98.785,5.402,,96.353,,
MUNI 59333MT54,5.0,Feb01'25,A1 (MOODY),,Dec 16 '15,0.53,Semi-Annual,101.918,1.2830000000000001,,,,
MUNI 64971WB74,5.0,Feb01'25,AA1 (MOODY),,Feb 26 '16,0.53,Semi-Annual,102.046,1.0398,,,,
MUNI 45506DVT9,5.0,Feb01'25,AAA (MOODY),,Apr 07 '16,0.53,Semi-Annual,101.211,2.6361000000000003,,,,
MUNI 840610SR1,5.0,Feb01'25,A1 (MOODY),,May 12 '16,0.53,Semi-Annual,101.124,2.8039,,,,
MUNI 052404MV9,4.0,Feb01'25,AA3 (MOODY),,Apr 15 '16,0.53,Semi-Annual,100.577,2.8719,,,,
MUNI 849832VV9,4.0,Feb01'25,AA1 (MOODY),,Jul 07 '16,0.53,Semi-Annual,100.643,2.744,,,,
MUNI 3733843Z7,5.0,Feb01'25,AAA (MOODY),,Jul 07 '16,0.53,Semi-Annual,101.100,2.8503000000000003,,100.656,,
MUNI 735389YK8,5.0,Feb01'25,A1 (MOODY),NoMD,Aug 02 '16,0.53,Semi-Annual,100.862,3.311,NoMD,NoMD,NoMD,
MUNI 481305EL0,5.0,Feb01'25,AAA (MOODY),,Aug 01 '16,0.53,Semi-Annual,101.124,2.8039,,,,
MUNI 45506DZE8,3.0,Feb01'25,AAA (MOODY),,Oct 12 '16,0.53,Semi-Annual,99.805,3.3810000000000002,,,,
MUNI 3954603S5,5.0,Feb01'25,AAA (MOODY),,Oct 20 '16,0.53,Semi-Annual,101.117,2.817,,,,
MUNI Unknown 763326CM5,3.0,Feb01'25,,,Nov 17 '16,0.53,Semi-Annual,99.891,3.212,,,,
MUNI 517845CF8,5.0,Feb01'25,AA1 (MOODY),,Mar 14 '17,0.53,Semi-Annual,101.168,2.7190000000000003,,,,
MUNI 13032ULU0,5.0,Feb01'25,AA3 (MOODY),,Mar 22 '17,0.53,Semi-Annual,101.091,2.8677,,,,
MUNI 64971W5N6,3.0,Feb01'25,AA1 (MOODY),,Apr 19 '17,0.53,Semi-Annual,99.167,4.640000000000001,,,,
MUNI Unknown 5462826X7,3.1,Feb01'25,,,May 04 '17,0.53,Semi-Annual,99.662,3.7621,,,,
MUNI Unknown 722528EA0,3.0,Feb01'25,,,Sep 15 '17,0.53,Semi-Annual,99.801,3.3888000000000003,,,,
MUNI 45506DH81,5.0,Feb01'25,AAA (MOODY),,Nov 01 '17,0.53,Semi-Annual,101.162,2.7306,,,,
MUNI 92778VFD5,5.0,Feb01'25,AA1 (MOODY),NoMD,Dec 21 '17,0.53,Semi-Annual,101.103,2.8440000000000003,NoMD,NoMD,NoMD,
MUNI Unknown 03255CAG4,5.0,Feb01'25,,,Jan 25 '18,0.53,Semi-Annual,102.127,0.886,,,,
MUNI 246381MH7,5.0,Feb01'25,AAA (MOODY),,Feb 21 '18,0.53,Semi-Annual,101.084,2.8812,,,,
MUNI 484873MX9,5.0,Feb01'25,AA3 (MOODY),,Mar 14 '18,0.53,Semi-Annual,101.084,2.8810000000000002,,,,
MUNI 563231A58,5.0,Feb01'25,AA2 (MOODY),,May 07 '18,0.53,Semi-Annual,101.084,2.8812,,,,
MUNI 92778VFW3,5.0,Feb01'25,AA1 (MOODY),,Jun 06 '18,0.53,Semi-Annual,101.094,2.862,,,,
MUNI 682001GA4,5.0,Feb01'25,AA2 (MOODY),,Sep 26 '18,0.53,Semi-Annual,101.166,2.7229,,,,
MUNI Unknown 386335CD3,3.0,Feb01'25,,,Oct 18 '18,0.53,Semi-Annual,99.802,3.3868,,,,
MUNI 45506DQ81,5.0,Feb01'25,AAA (MOODY),NoMD,Oct 24 '18,0.53,Semi-Annual,101.168,2.7190000000000003,NoMD,NoMD,NoMD,
MUNI 515534DM4,3.0,Feb01'25,AA1 (MOODY),,Feb 26 '19,0.53,Semi-Annual,99.799,3.3930000000000002,,,,
MUNI Unknown 4898187T5,3.0,Feb01'25,NoMD,NoMD,Feb 21 '19,0.53,Semi-Annual,99.834,3.3240000000000003,NoMD,NoMD,NoMD,
MUNI Unknown 896564WL1,5.0,Feb01'25,,,Apr 15 '19,0.53,Semi-Annual,101.117,2.8175000000000003,,,,
MUNI 92778VGC6,5.0,Feb01'25,AA1 (MOODY),,Jun 05 '19,0.53,Semi-Annual,101.248,2.565,,,,
MUNI Unknown 237019JL9,4.0,Feb01'25,,,May 29 '19,0.53,Semi-Annual,101.451,1.1893,,,,
MUNI 212597W46,5.0,Feb01'25,AA2 (MOODY),,Sep 01 '19,0.53,Semi-Annual,101.076,2.8967,,,,
MUNI 212597T73,5.0,Feb01'25,AA2 (MOODY),,Sep 01 '19,0.53,Semi-Annual,101.076,2.8967,,,,
MUNI 812643UC6,5.0,Feb01'25,AA2 (MOODY),,Nov 05 '19,0.53,Semi-Annual,101.161,2.733,,,,
MUNI 073186PP7,5.0,Feb01'25,AA2 (MOODY),,Oct 01 '19,0.53,Semi-Annual,101.938,1.2449000000000001,,,,
MUNI 527156DK6,5.0,Feb01'25,AA1 (MOODY),,Nov 20 '19,0.53,Semi-Annual,102.041,1.0490000000000002,,,,
MUNI Unknown 791740L35,5.0,Feb01'25,,,Nov 26 '19,0.53,Semi-Annual,101.157,2.7403,,,,
MUNI Unknown 408036FT3,4.0,Feb01'25,,,Nov 19 '19,0.53,Semi-Annual,101.477,1.1400000000000001,,,,
MUNI 92778VHT8,5.0,Feb01'25,AA1 (MOODY),,Dec 05 '19,0.53,Semi-Annual,101.241,2.5783,,,,
MUNI 800722FW5,4.0,Feb01'25,A1 (MOODY),,Feb 20 '20,0.53,Semi-Annual,100.643,2.7438000000000002,,,,
MUNI 79625GDA8,5.0,Feb01'25,AA2 (MOODY),,Jul 01 '16,0.53,Semi-Annual,101.109,2.8329,,,,
MUNI Unknown 795375BX1,5.0,Feb01'25,,,Apr 01 '20,0.53,Semi-Annual,101.050,2.9469000000000003,,,,
MUNI 92778VJD1,5.0,Feb01'25,AA1 (MOODY),,Aug 06 '20,0.53,Semi-Annual,101.095,2.8600000000000003,,,,
MUNI 86481AAE4,5.0,Feb01'25,AAA (MOODY),,Sep 15 '20,0.53,Semi-Annual,101.097,2.8560000000000003,,,,
MUNI 073186QE1,5.0,Feb01'25,AA2 (MOODY),,Oct 15 '20,0.53,Semi-Annual,100.896,3.245,,,,
MUNI 1998204L2,5.0,Feb01'25,AA2 (MOODY),,Nov 01 '20,0.53,Semi-Annual,101.009,3.0260000000000002,,,,
MUNI 665306QB5,5.0,Feb01'25,AA2 (MOODY),,Nov 05 '20,0.53,Semi-Annual,101.032,2.9817,,,,
MUNI 929831QQ1,5.0,Feb01'25,AA1 (MOODY),,Mar 01 '21,0.53,Semi-Annual,101.066,2.916,,,,
MUNI 882669CP7,2.0,Feb01'25,AA1 (MOODY),,Mar 11 '21,0.53,Semi-Annual,98.479,5.0019,,96.121,,
MUNI Unknown 967171QP7,4.0,Feb01'25,,,Apr 01 '21,0.53,Semi-Annual,101.474,1.1454,,,,
MUNI 235546HU5,5.0,Feb01'25,AA2 (MOODY),,Apr 20 '21,0.53,Semi-Annual,101.968,1.1880000000000002,,,,
MUNI 677587DM6,5.0,Feb01'25,AA1 (MOODY),,May 18 '21,0.53,Semi-Annual,101.214,2.6304000000000003,,,,
MUNI Unknown 594368FK3,3.0,Feb01'25,,,May 19 '21,0.53,Semi-Annual,100.799,1.4500000000000002,,,,
MUNI 7928955J9,5.0,Feb01'25,AA1 (MOODY),,Jun 17 '21,0.53,Semi-Annual,101.089,2.8715,,,,
MUNI 677523AN2,5.0,Feb01'25,AAA (MOODY),,Nov 10 '21,0.53,Semi-Annual,101.185,2.6863,,,,
MUNI 45506EDL4,5.0,Feb01'25,AAA (MOODY),,Nov 16 '21,0.53,Semi-Annual,102.058,1.0170000000000001,,,,
MUNI 25476FYX0,5.0,Feb01'25,AAA (MOODY),,Nov 30 '21,0.53,Semi-Annual,101.163,2.7287000000000003,,,,
MUNI 346604LL3,1.212,Feb01'25,AAA (MOODY),,Dec 09 '21,0.53,Semi-Annual,98.072,5.0181000000000004,,96.537,,
MUNI 981306C92,5.0,Feb01'25,AA3 (MOODY),,Feb 01 '22,0.53,Semi-Annual,101.250,2.561,,,,
MUNI 488764YT2,5.0,Feb01'25,A1 (MOODY),,Feb 22 '22,0.53,Semi-Annual,101.035,2.9759,,,,
MUNI Unknown 975237GF9,4.0,Feb01'25,,,Mar 10 '22,0.53,Semi-Annual,100.520,2.983,,,,
MUNI 523552DF1,5.0,Feb01'25,AA1 (MOODY),,Jul 14 '22,0.53,Semi-Annual,102.146,0.8500000000000001,,,,
MUNI Unknown 4708445Q0,4.0,Feb01'25,,,Jul 27 '22,0.53,Semi-Annual,101.592,0.92,,,,
MUNI 86481ADF8,5.0,Feb01'25,AAA (MOODY),,Aug 24 '22,0.53,Semi-Annual,102.065,1.0038,,,,
MUNI 849476UX2,5.0,Feb01'25,AAA (MOODY),,Oct 01 '22,0.53,Semi-Annual,102.013,1.102,,,,
MUNI 92778VMH8,5.0,Feb01'25,AA1 (MOODY),,Jun 06 '23,0.53,Semi-Annual,101.194,2.6689000000000003,,,,
MUNI 79623PPG4,5.0,Feb01'25,AAA (MOODY),,Aug 01 '23,0.53,Semi-Annual,101.103,2.8440000000000003,,,,
MUNI 400208HJ6,5.0,Feb01'25,AA3 (MOODY),,Jul 27 '17,0.53,Semi-Annual,101.852,1.4084,,,,
MUNI 481305LT5,5.0,Feb01'25,AAA (MOODY),,Jan 15 '24,0.53,Semi-Annual,100.932,3.1750000000000003,,,,
MUNI 486063RJ1,3.0,Feb15'25,AAA (MOODY),,Dec 18 '14,0.57,Semi-Annual,99.861,3.25,,,,
MUNI Unknown 64465PZX9,5.0,Feb15'25,,,Dec 23 '14,0.57,Semi-Annual,101.213,2.7921,,,,
MUNI 235308VL4,5.0,Feb15'25,AAA (MOODY),,Feb 01 '15,0.57,Semi-Annual,101.186,2.8406000000000002,,,,
MUNI Unknown 366119N50,5.0,Feb15'25,,,Feb 01 '15,0.57,Semi-Annual,101.260,2.7078,,,,
MUNI 486063SQ4,4.0,Feb15'25,AA1 (MOODY),,Feb 01 '15,0.57,Semi-Annual,100.596,2.9130000000000003,,,,
MUNI 208418YA5,5.0,Feb15'25,AAA (MOODY),,Mar 01 '15,0.57,Semi-Annual,101.322,2.5967000000000002,,,,
MUNI Unknown 889855ZN5,5.0,Feb15'25,,,Mar 01 '15,0.57,Semi-Annual,101.223,2.7742,,,,
MUNI 547160QS3,5.0,Feb15'25,AA2 (MOODY),,Mar 01 '15,0.57,Semi-Annual,101.197,2.8208,,,,
MUNI 743600TN8,5.0,Feb15'25,AA3 (MOODY),,Mar 01 '15,0.57,Semi-Annual,101.225,2.7706,,,,
MUNI Unknown 090874JY5,5.0,Feb15'25,,,Feb 15 '15,0.57,Semi-Annual,102.066,1.2733,,,,
MUNI 1845406S6,5.0,Feb15'25,AA2 (MOODY),,Apr 01 '15,0.57,Semi-Annual,102.089,1.2327000000000001,,,,
MUNI 90634PJZ3,2.5,Feb15'25,AAA (MOODY),,Apr 10 '15,0.57,Semi-Annual,99.784,2.891,,,,
MUNI Unknown 870262FM9,3.0,Feb15'25,,,Apr 22 '15,0.57,Semi-Annual,100.059,2.891,,,,
MUNI 970667WV9,5.0,Feb15'25,AAA (MOODY),,May 01 '15,0.57,Semi-Annual,102.068,1.27,,,,
MUNI Unknown 542264FZ4,5.0,Feb15'25,NoMD,NoMD,Apr 29 '15,0.57,Semi-Annual,101.102,2.9915000000000003,NoMD,NoMD,NoMD,
MUNI Unknown 542264FF8,5.0,Feb15'25,,,Apr 29 '15,0.57,Semi-Annual,102.084,1.242,,,,
MUNI Unknown 248866B87,5.0,Feb15'25,,,Jun 01 '15,0.57,Semi-Annual,101.134,2.934,,,,
MUNI 796269VN5,5.0,Feb15'25,AAA (MOODY),,May 01 '15,0.57,Semi-Annual,101.270,2.6899,,,,
MUNI 366155E54,5.0,Feb15'25,AAA (MOODY),,May 15 '15,0.57,Semi-Annual,102.102,1.2097,,,,
MUNI Unknown 229147LW1,5.0,Feb15'25,,,Jun 01 '15,0.57,Semi-Annual,101.086,3.0203,,,,
MUNI 397586MG0,4.0,Feb15'25,AAA (MOODY),,Aug 01 '15,0.57,Semi-Annual,101.544,1.2157,,,,
MUNI 743596LU0,5.0,Feb15'25,AA1 (MOODY),,Jul 15 '15,0.57,Semi-Annual,101.173,2.8639,,,,
MUNI 106241XU1,5.0,Feb15'25,AA2 (MOODY),,Aug 01 '15,0.57,Semi-Annual,101.134,2.934,,,,
MUNI Unknown 836562WQ7,5.0,Feb15'25,,,Sep 10 '15,0.57,Semi-Annual,102.002,1.3864,,,,
MUNI 798025LF7,5.0,Feb15'25,AA2 (MOODY),,Sep 10 '15,0.57,Semi-Annual,101.104,2.988,,,,
MUNI 516824AH2,5.0,Feb15'25,AA2 (MOODY),,Sep 01 '15,0.57,Semi-Annual,101.997,1.3953,,,,
MUNI Unknown 88269PHQ1,3.0,Feb15'25,,,Nov 01 '15,0.57,Semi-Annual,99.807,3.349,,,,
MUNI Unknown 235219LR1,5.0,Feb15'25,,,Dec 10 '15,0.57,Semi-Annual,102.938,1.9434,,98.549,,
MUNI 564378CL9,5.0,Feb15'25,AA1 (MOODY),,Dec 01 '15,0.57,Semi-Annual,102.073,1.2610000000000001,,,,
MUNI 9143015Z5,4.0,Feb15'25,AA2 (MOODY),,Feb 01 '16,0.57,Semi-Annual,100.661,2.7960000000000003,,,,
MUNI 430686PT6,5.0,Feb15'25,AAA (MOODY),,Mar 01 '16,0.57,Semi-Annual,102.096,1.2203000000000002,,,,
MUNI 727199XG1,5.0,Feb15'25,AAA (MOODY),,Feb 15 '16,0.57,Semi-Annual,101.281,2.6701,,,,
MUNI 914639HK8,5.0,Feb15'25,AA1 (MOODY),NoMD,Mar 17 '16,0.57,Semi-Annual,100.970,3.2292,NoMD,NoMD,NoMD,
MUNI 44256PDM2,5.0,Feb15'25,AAA (MOODY),,Mar 30 '16,0.57,Semi-Annual,101.008,3.161,,,,
MUNI 02765UJX3,5.0,Feb15'25,A1 (MOODY),,May 11 '16,0.57,Semi-Annual,100.853,3.4404000000000003,,,,
MUNI Unknown 248866P25,4.0,Feb15'25,,,Jun 01 '16,0.57,Semi-Annual,100.585,2.9330000000000003,,,,
MUNI 016249NE0,5.0,Feb15'25,AA2 (MOODY),,Jun 01 '16,0.57,Semi-Annual,101.168,2.8729,,,,
MUNI 45204EFK9,5.0,Feb15'25,AA2 (MOODY),NoMD,Aug 16 '16,0.57,Semi-Annual,102.153,1.12,NoMD,NoMD,NoMD,
MUNI 581664GD5,5.0,Feb15'25,AA1 (MOODY),,Aug 01 '16,0.57,Semi-Annual,101.203,2.8101000000000003,,,,
MUNI Unknown 150461R45,5.0,Feb15'25,,,Aug 01 '16,0.57,Semi-Annual,101.186,2.8406000000000002,,,,
MUNI 088365FC0,5.0,Feb15'25,AA1 (MOODY),,Aug 15 '16,0.57,Semi-Annual,101.032,3.1180000000000003,,,,
MUNI 516824BZ1,5.0,Feb15'25,AA2 (MOODY),,Aug 15 '16,0.57,Semi-Annual,101.997,1.3953,,,,
MUNI Unknown 45204EPE2,5.0,Feb15'25,,,Nov 10 '16,0.57,Semi-Annual,100.800,3.5362,,,,
MUNI 894673RT1,4.0,Feb15'25,AAA (MOODY),,Dec 07 '16,0.57,Semi-Annual,100.651,2.814,,,,
MUNI Unknown 139015PL9,5.0,Feb15'25,,,Jan 01 '17,0.57,Semi-Annual,101.196,2.8226,,,,
MUNI Unknown 422454JL3,5.0,Feb15'25,,,Jan 01 '17,0.57,Semi-Annual,101.192,2.8298,,,,
MUNI 914302CB8,5.0,Feb15'25,AA2 (MOODY),,Feb 01 '17,0.57,Semi-Annual,101.213,2.7921,,,,
MUNI Unknown 0782753Q5,5.0,Feb15'25,,,Feb 01 '17,0.57,Semi-Annual,101.075,3.04,,,,
MUNI Unknown 84553AAK8,5.0,Feb15'25,,,Feb 08 '17,0.57,Semi-Annual,100.710,3.6991,,,,
MUNI 882806GN6,5.0,Feb15'25,AA1 (MOODY),,Feb 22 '17,0.57,Semi-Annual,102.085,1.24,,,,
MUNI 054789WK4,5.0,Feb15'25,AAA (MOODY),,Feb 01 '17,0.57,Semi-Annual,101.067,3.0540000000000003,,,,
MUNI Unknown 481124EP6,5.0,Feb15'25,,,Apr 05 '17,0.57,Semi-Annual,102.040,1.3190000000000002,,,,
MUNI 763261U77,5.0,Feb15'25,AAA (MOODY),,May 01 '17,0.57,Semi-Annual,102.192,1.0510000000000002,,,,
MUNI 442403LY5,5.0,Feb15'25,AAA (MOODY),,May 23 '17,0.57,Semi-Annual,101.424,2.4142,,,,
MUNI 44420RAH3,4.0,Feb15'25,AA2 (MOODY),,May 30 '17,0.57,Semi-Annual,100.670,2.7798000000000003,,,,
MUNI Unknown 00344NQT4,5.0,Feb15'25,,,Jul 01 '17,0.57,Semi-Annual,102.047,1.3069000000000002,,,,
MUNI 014393XA5,5.0,Feb15'25,AAA (MOODY),,Jul 15 '17,0.57,Semi-Annual,101.208,2.8011,,,,
MUNI Unknown 421020H68,5.0,Feb15'25,,,Aug 16 '17,0.57,Semi-Annual,101.170,2.8693,,,,
MUNI Unknown 081077E47,5.0,Feb15'25,,,Aug 15 '17,0.57,Semi-Annual,101.261,2.706,,,,
MUNI 581664GY9,5.0,Feb15'25,AA1 (MOODY),,Aug 01 '17,0.57,Semi-Annual,102.092,1.227,,,,
MUNI 208418D83,5.0,Feb15'25,AA1 (MOODY),,Sep 01 '17,0.57,Semi-Annual,101.361,2.5268,,,,
MUNI 543264XV2,5.0,Feb15'25,AA2 (MOODY),NoMD,Sep 15 '17,0.57,Semi-Annual,101.195,2.8244000000000002,NoMD,NoMD,NoMD,
MUNI 67760HLC3,5.0,Feb15'25,AA2 (MOODY),,Sep 28 '17,0.57,Semi-Annual,101.190,2.8334,,,,
MUNI 64985HXR3,5.0,Feb15'25,AAA (MOODY),,Nov 09 '17,0.57,Semi-Annual,102.189,1.0563,,,,
MUNI Unknown 864856DW6,5.0,Feb15'25,,,Dec 15 '17,0.57,Semi-Annual,102.058,1.2874,,,,
MUNI Unknown 251407FL1,4.0,Feb15'25,,,Dec 15 '17,0.57,Semi-Annual,100.290,3.4678,,,,
MUNI 889855H39,5.0,Feb15'25,AA1 (MOODY),,Feb 01 '18,0.57,Semi-Annual,101.201,2.8136,,,,
MUNI 702334CU5,5.0,Feb15'25,AA2 (MOODY),,Feb 01 '18,0.57,Semi-Annual,102.101,1.2115,,,,
MUNI 088365GB1,5.0,Feb15'25,AA1 (MOODY),,Apr 15 '18,0.57,Semi-Annual,101.133,2.9358,,,,
MUNI 014393XU1,5.0,Feb15'25,AAA (MOODY),,Jul 15 '18,0.57,Semi-Annual,101.271,2.6881,,,,
MUNI 106241B76,5.0,Feb15'25,AAA (MOODY),,Oct 01 '18,0.57,Semi-Annual,101.062,3.063,,,,
MUNI 232769DJ5,5.0,Feb15'25,AA1 (MOODY),,Oct 01 '18,0.57,Semi-Annual,101.231,2.7598000000000003,,,,
MUNI 46246K4Z2,5.0,Feb15'25,A1 (MOODY),,Nov 20 '18,0.57,Semi-Annual,100.889,3.3754,,,,
MUNI 235308XA6,5.0,Feb15'25,AA1 (MOODY),,Feb 01 '19,0.57,Semi-Annual,101.200,2.8154000000000003,,,,
MUNI Unknown 139015QF1,5.0,Feb15'25,NoMD,NoMD,Jan 15 '19,0.57,Semi-Annual,101.185,2.8424,NoMD,NoMD,NoMD,
MUNI 088365GZ8,5.0,Feb15'25,AA1 (MOODY),,Feb 01 '19,0.57,Semi-Annual,101.093,3.008,,,,
MUNI Unknown 34944RDX3,5.0,Feb15'25,,,Feb 01 '19,0.57,Semi-Annual,101.233,2.7562,,,,
MUNI 217296GS5,5.0,Feb15'25,A1 (MOODY),,Feb 19 '19,0.57,Semi-Annual,102.214,1.012,,,,
MUNI 798025PG1,5.0,Feb15'25,AA2 (MOODY),,Feb 26 '19,0.57,Semi-Annual,101.217,2.7849,,,,
MUNI 594712UL3,5.0,Feb15'25,AA2 (MOODY),,Feb 21 '19,0.57,Semi-Annual,101.251,2.7239,,,,
MUNI Unknown 396694N56,5.0,Feb15'25,,,Apr 11 '19,0.57,Semi-Annual,102.053,1.2963,,,,
MUNI 763227XP5,4.0,Feb15'25,AAA (MOODY),,Apr 25 '19,0.57,Semi-Annual,101.532,1.237,,,,
MUNI 7170956P3,5.0,Feb15'25,AA2 (MOODY),,Mar 15 '19,0.57,Semi-Annual,102.118,1.1815,,,,
MUNI Unknown 770587DT7,5.0,Feb15'25,,,May 01 '19,0.57,Semi-Annual,100.891,3.3720000000000003,,,,
MUNI Unknown 84442PBB9,5.0,Feb15'25,,,May 01 '19,0.57,Semi-Annual,101.150,2.9052000000000002,,,,
MUNI Unknown 081077K65,5.0,Feb15'25,,,May 29 '19,0.57,Semi-Annual,101.095,3.004,,,,
MUNI Unknown 305896PU0,5.0,Feb15'25,,,Jun 06 '19,0.57,Semi-Annual,101.159,2.8891,,,,
MUNI Unknown 2488665L5,5.0,Feb15'25,,,Jul 01 '19,0.57,Semi-Annual,101.076,3.0380000000000003,,,,
MUNI Unknown 2488664E2,5.0,Feb15'25,NoMD,NoMD,Jul 01 '19,0.57,Semi-Annual,101.134,2.934,NoMD,NoMD,NoMD,
MUNI Unknown 962421KH5,5.0,Feb15'25,,,Jun 01 '19,0.57,Semi-Annual,101.051,3.083,,,,
MUNI 779699EC7,5.0,Feb15'25,AA2 (MOODY),,Aug 15 '19,0.57,Semi-Annual,102.033,1.3316000000000001,,,,
MUNI Unknown 549108UA4,5.0,Feb15'25,,,Aug 15 '19,0.57,Semi-Annual,102.041,1.3170000000000002,,,,
MUNI 743596TB4,3.0,Feb15'25,AA1 (MOODY),,Jun 15 '19,0.57,Semi-Annual,99.670,3.5998,,,,
MUNI 3494607D1,5.0,Feb15'25,AAA (MOODY),,Oct 01 '19,0.57,Semi-Annual,102.151,1.123,,,,
MUNI Unknown 412873BK6,5.0,Feb15'25,,,Nov 01 '19,0.57,Semi-Annual,100.831,3.48,,,,
MUNI 232769FA2,5.0,Feb15'25,AA1 (MOODY),,Nov 01 '19,0.57,Semi-Annual,102.129,1.1621000000000001,,,,
MUNI 02765UPQ1,5.0,Feb15'25,A1 (MOODY),,Dec 04 '19,0.57,Semi-Annual,100.967,3.2346000000000004,,,,
MUNI 208418Q22,5.0,Feb15'25,AA1 (MOODY),,Feb 01 '20,0.57,Semi-Annual,101.195,2.8240000000000003,,,,
MUNI 914302FV1,5.0,Feb15'25,AA2 (MOODY),,Feb 01 '20,0.57,Semi-Annual,101.258,2.7114000000000003,,100.563,,
MUNI Unknown 819649K78,5.0,Feb15'25,,,Feb 20 '20,0.57,Semi-Annual,101.353,2.5412,,,,
MUNI Unknown 014464WQ0,5.0,Feb15'25,,,May 15 '20,0.57,Semi-Annual,101.179,2.8531,,,,
MUNI Unknown 139015RA1,5.0,Feb15'25,,,May 01 '20,0.57,Semi-Annual,101.090,3.0130000000000003,,,,
MUNI Unknown 742378MA7,5.0,Feb15'25,,,Jun 10 '20,0.57,Semi-Annual,102.041,1.3175000000000001,,,,
MUNI 022447Q58,5.0,Feb15'25,AA2 (MOODY),,Aug 01 '20,0.57,Semi-Annual,101.151,2.9034,,,,
MUNI Unknown 1504612T7,4.0,Feb15'25,,,Sep 01 '20,0.57,Semi-Annual,101.510,1.2761,,,,
MUNI 704880BM4,5.0,Feb15'25,AAA (MOODY),,Nov 01 '20,0.57,Semi-Annual,101.184,2.8442000000000003,,,,
MUNI 366155U64,5.0,Feb15'25,AAA (MOODY),,Oct 15 '20,0.57,Semi-Annual,102.202,1.0330000000000001,,,,
MUNI 820123VJ3,5.0,Feb15'25,AAA (MOODY),,Oct 01 '20,0.57,Semi-Annual,100.980,3.2110000000000003,,,,
MUNI 232769GU7,5.0,Feb15'25,AAA (MOODY),,Oct 01 '20,0.57,Semi-Annual,101.152,2.902,,,,
MUNI 116405UM1,5.0,Feb15'25,AA3 (MOODY),,Nov 01 '20,0.57,Semi-Annual,102.027,1.342,,,,
MUNI 358776A93,5.0,Feb15'25,AAA (MOODY),,Dec 01 '20,0.57,Semi-Annual,100.997,3.181,,,,
MUNI 35880CG24,3.0,Feb15'25,AA1 (MOODY),NoMD,Jan 01 '21,0.57,Semi-Annual,99.856,3.2600000000000002,NoMD,NoMD,NoMD,
MUNI 649674KL1,5.0,Feb15'25,AA3 (MOODY),,Jan 05 '21,0.57,Semi-Annual,101.255,2.7168,,,,
MUNI 983064YB6,4.0,Feb15'25,AA1 (MOODY),,Feb 01 '21,0.57,Semi-Annual,101.505,1.2850000000000001,,,,
MUNI Unknown 486188JB2,5.0,Feb15'25,,,Feb 15 '21,0.57,Semi-Annual,101.133,2.9358,,,,
MUNI 477502FB9,1.625,Feb15'25,AAA (MOODY),,Apr 01 '21,0.57,Semi-Annual,98.870,3.6870000000000003,,,,
MUNI 011415SB3,5.0,Feb15'25,AAA (MOODY),,Apr 01 '21,0.57,Semi-Annual,102.087,1.2362,,,,
MUNI 3826042M7,2.0,Feb15'25,AAA (MOODY),,Jun 03 '21,0.57,Semi-Annual,99.324,3.2299,,,,
MUNI Unknown 248379A33,4.0,Feb15'25,,,Jun 16 '21,0.57,Semi-Annual,100.562,2.9748,,,,
MUNI Unknown 117583L69,4.0,Feb15'25,,,Jun 15 '21,0.57,Semi-Annual,101.497,1.2992000000000001,,,,
MUNI 486063E71,5.0,Feb15'25,AAA (MOODY),,Jul 01 '21,0.57,Semi-Annual,101.259,2.7096,,,,
MUNI 1333032J5,5.0,Feb15'25,AA3 (MOODY),,Jul 01 '21,0.57,Semi-Annual,101.180,2.8513,,,,
MUNI 388625JW6,4.0,Feb15'25,AA1 (MOODY),,Aug 01 '21,0.57,Semi-Annual,100.568,2.964,,,,
MUNI Unknown 078023WD6,5.0,Feb15'25,,,Aug 31 '21,0.57,Semi-Annual,102.067,1.2715,,,,
MUNI Unknown 235219TS1,5.0,Feb15'25,,,Nov 18 '21,0.57,Semi-Annual,101.090,3.0130000000000003,,,,
MUNI 889855P97,5.0,Feb15'25,AAA (MOODY),,Feb 01 '22,0.57,Semi-Annual,101.117,2.9650000000000003,,,,
MUNI 67760HNM9,5.0,Feb15'25,AA3 (MOODY),,Nov 17 '22,0.57,Semi-Annual,101.215,2.7885,,,,
MUNI 0418267C6,5.0,Feb15'25,AAA (MOODY),,Feb 15 '22,0.57,Semi-Annual,101.069,3.0509,,,,
MUNI 349515Q33,5.0,Feb15'25,AA1 (MOODY),,Jun 21 '22,0.57,Semi-Annual,102.192,1.0510000000000002,,,,
MUNI 208418Y80,5.0,Feb15'25,AAA (MOODY),,Jul 01 '22,0.57,Semi-Annual,102.307,0.8490000000000001,,,,
MUNI Unknown 248867CE1,5.0,Feb15'25,,,Jun 15 '22,0.57,Semi-Annual,101.134,2.934,,,,
MUNI Unknown 902273YT2,5.0,Feb15'25,,,Jun 15 '22,0.57,Semi-Annual,101.143,2.9178,,,,
MUNI 151145WH8,5.0,Feb15'25,AAA (MOODY),,Jul 15 '22,0.57,Semi-Annual,102.040,1.3192000000000002,,,,
MUNI 445047LN1,5.0,Feb15'25,AA1 (MOODY),,Aug 15 '22,0.57,Semi-Annual,102.085,1.24,,,,
MUNI Unknown 081077R27,5.0,Feb15'25,,,Aug 11 '22,0.57,Semi-Annual,101.196,2.8226,,,,
MUNI 702334EX7,5.0,Feb15'25,AAA (MOODY),,Sep 01 '22,0.57,Semi-Annual,102.101,1.2115,,,,
MUNI Unknown 733488T91,5.0,Feb15'25,,,Sep 01 '22,0.57,Semi-Annual,100.973,3.224,,,,
MUNI 349461CN1,5.0,Feb15'25,AAA (MOODY),,Aug 01 '22,0.57,Semi-Annual,101.303,2.6307,,,,
MUNI 011415TH9,5.0,Feb15'25,AAA (MOODY),,Aug 01 '22,0.57,Semi-Annual,102.087,1.2362,,,,
MUNI 78532EAB8,5.0,Feb15'25,AA2 (MOODY),,Oct 15 '22,0.57,Semi-Annual,101.106,2.9843,,,,
MUNI 516824MW6,5.0,Feb15'25,AA2 (MOODY),,Nov 01 '22,0.57,Semi-Annual,101.997,1.3953,,,,
MUNI 184541FF2,5.0,Feb15'25,AAA (MOODY),,Dec 20 '22,0.57,Semi-Annual,101.073,3.044,,,,
MUNI Unknown 234685MB8,5.0,Feb15'25,,,Dec 15 '22,0.57,Semi-Annual,101.267,2.6950000000000003,,,,
MUNI 727199A84,5.0,Feb15'25,AAA (MOODY),NoMD,Feb 16 '23,0.57,Semi-Annual,101.261,2.706,NoMD,NoMD,NoMD,
MUNI Unknown 717096CU3,5.0,Feb15'25,,,Feb 01 '23,0.57,Semi-Annual,101.130,2.9412000000000003,,,,
MUNI Unknown 653205KK9,5.0,Feb15'25,NoMD,NoMD,Apr 15 '23,0.57,Semi-Annual,100.980,3.2112000000000003,NoMD,NoMD,NoMD,
MUNI 35880C2M5,5.0,Feb15'25,AA1 (MOODY),,May 01 '23,0.57,Semi-Annual,102.118,1.1815,,,,
MUNI 227381WC0,5.0,Feb15'25,AAA (MOODY),NoMD,Apr 15 '23,0.57,Semi-Annual,101.161,2.8855,NoMD,NoMD,NoMD,
MUNI Unknown 248867FM0,5.0,Feb15'25,,,Jun 15 '23,0.57,Semi-Annual,101.128,2.9450000000000003,,,,
MUNI 358776R53,5.0,Feb15'25,AAA (MOODY),,Jul 01 '23,0.57,Semi-Annual,101.157,2.8927,,,,
MUNI 0418268A9,5.0,Feb15'25,AAA (MOODY),,Aug 01 '23,0.57,Semi-Annual,100.986,3.2,,,,
MUNI 882806JB9,5.0,Feb15'25,AA1 (MOODY),,Aug 08 '23,0.57,Semi-Annual,101.148,2.9088000000000003,,,,
MUNI Unknown 705227GZ3,5.0,Feb15'25,,,Aug 15 '23,0.57,Semi-Annual,101.225,2.7706,,,,
MUNI Unknown 435434DX0,5.0,Feb15'25,,,Aug 01 '23,0.57,Semi-Annual,101.176,2.8585000000000003,,,,
MUNI 702334GE7,5.0,Feb15'25,AAA (MOODY),,Oct 01 '23,0.57,Semi-Annual,101.205,2.8065,,,,
MUNI Unknown 916813BN7,5.0,Feb15'25,,,Sep 15 '23,0.57,Semi-Annual,101.016,3.1463,,,,
MUNI 232769MP1,5.0,Feb15'25,AAA (MOODY),,Nov 01 '23,0.57,Semi-Annual,101.234,2.7544,,,,
MUNI 235308M59,5.0,Feb15'25,AAA (MOODY),,Jan 15 '24,0.57,Principal at Maturity,101.087,2.9530000000000003,,,,
MUNI 983069AZ8,5.0,Feb15'25,AAA (MOODY),,Jan 15 '24,0.57,Semi-Annual,102.101,1.2116,,,,
MUNI Unknown 793810MV1,5.0,Feb15'25,,,Feb 15 '24,0.57,Principal at Maturity,100.977,3.153,,,,
MUNI Unknown 771694QK5,4.0,Feb15'25,,,Feb 27 '24,0.57,Semi-Annual,100.744,2.6467,,,,
MUNI 349461EJ8,5.0,Feb15'25,AAA (MOODY),,Feb 01 '24,0.57,Semi-Annual,100.986,3.2,,,,
MUNI Unknown 755791ET3,5.0,Feb15'25,,,Feb 01 '24,0.57,Semi-Annual,101.162,2.8848000000000003,,,,
MUNI 054789ZC9,5.0,Feb15'25,AAA (MOODY),,Feb 15 '24,0.57,Semi-Annual,101.178,2.8558000000000003,,,,
MUNI Unknown 418236EH4,5.0,Feb15'25,,,Mar 15 '24,0.57,Principal at Maturity,101.069,3.004,,,,
MUNI 5977832K4,5.0,Feb15'25,AAA (MOODY),,Apr 01 '24,0.57,Principal at Maturity,101.283,2.628,,,,
MUNI 815853WY8,5.0,Feb15'25,AAA (MOODY),,Mar 01 '24,0.57,Principal at Maturity,102.090,1.2127000000000001,,,,
MUNI 504102Y81,5.0,Feb15'25,AAA (MOODY),,Apr 15 '24,0.57,Principal at Maturity,101.220,2.7437,,,,
MUNI Unknown 975332LG0,5.0,Feb15'25,,,Jun 01 '24,0.57,Principal at Maturity,100.847,3.434,,,,
MUNI 486063S68,5.0,Feb15'25,AAA (MOODY),,Jul 01 '24,0.57,Principal at Maturity,101.267,2.6944000000000004,,,,
MUNI 930863T88,5.0,Mar01'25,AAA (MOODY),,May 13 '10,0.61,Semi-Annual,101.311,2.787,,,,
MUNI Unknown 851035SM8,5.0,Mar01'25,,,Apr 01 '14,0.61,Semi-Annual,102.209,1.3067,,,,
