Financial Instrument,Coupon,Maturity,Ratings,Issuer Debt/Equity,Issue Date,Time-To-Maturity (TTM),Payment Frequency,Ask,Ask Yield,Duration %  ,Bid,Convexity,
MUNI 40450RCZ2,5.0,Aug01'24,AA2 (MOODY),,Jun 16 '05,0.02,Semi-Annual,100.024,3.676,,99.708,,
MUNI 03667PDT6,5.0,Aug01'24,AA2 (MOODY),,Apr 17 '14,0.02,Semi-Annual,100.022,3.777,,99.708,,
MUNI 57582P7B0,5.0,Aug01'24,AA1 (MOODY),,Sep 24 '14,0.02,Semi-Annual,100.030,3.375,,99.708,,
MUNI 802385MQ4,5.0,Aug01'24,AA2 (MOODY),,Nov 13 '14,0.02,Semi-Annual,100.024,3.676,,99.708,,
MUNI 952347H54,5.0,Aug01'24,A1 (MOODY),,Mar 12 '15,0.02,Semi-Annual,100.021,3.8270000000000004,,99.708,,
MUNI 92884EHT7,5.0,Aug01'24,AA3 (MOODY),,May 05 '15,0.02,Semi-Annual,100.010,4.38,,99.708,,
MUNI 032591RF8,5.0,Aug01'24,AA2 (MOODY),,May 27 '15,0.02,Semi-Annual,100.020,3.8770000000000002,,99.708,,
MUNI 05914FXB1,5.0,Aug01'24,AAA (MOODY),,Jun 30 '15,0.02,Semi-Annual,100.010,4.38,,99.708,,
MUNI 60412AEV1,5.0,Aug01'24,AAA (MOODY),,Aug 19 '15,0.02,Semi-Annual,100.050,2.3704,,99.708,,
MUNI 13063CUR9,3.0,Aug01'24,AA2 (MOODY),,Sep 09 '15,0.02,Semi-Annual,99.994,3.262,,99.666,,
MUNI 93974DQZ4,5.0,Aug01'24,AAA (MOODY),,Oct 08 '15,0.02,Semi-Annual,100.023,3.7270000000000003,,99.708,,
MUNI 392546FK8,5.0,Aug01'24,AA2 (MOODY),,Mar 17 '16,0.02,Semi-Annual,100.022,3.777,,99.708,,
MUNI Unknown 080178CD6,5.0,Aug01'24,,,Mar 24 '16,0.02,Semi-Annual,100.022,3.777,,99.708,,
MUNI 545624NY0,4.0,Aug01'24,AA2 (MOODY),,Apr 21 '16,0.02,Semi-Annual,100.002,3.8236000000000003,,99.687,,
MUNI 492246QH9,4.0,Aug01'24,AA2 (MOODY),,Jun 21 '16,0.02,Semi-Annual,100.003,3.773,,99.687,,
MUNI Unknown 051595AQ9,3.0,Aug01'24,,,Aug 16 '16,0.02,Semi-Annual,99.970,4.4796000000000005,,99.666,,
MUNI 880541WQ6,5.0,Aug01'24,AAA (MOODY),,Aug 25 '16,0.02,Semi-Annual,100.022,3.777,,99.708,,
MUNI 296371TD9,5.0,Aug01'24,AA2 (MOODY),,May 04 '17,0.02,Semi-Annual,100.023,3.7270000000000003,,99.708,,
MUNI 812728VJ9,5.0,Aug01'24,AAA (MOODY),,Jan 25 '17,0.02,Semi-Annual,100.022,3.777,,99.708,,
MUNI 916672XF0,2.25,Aug01'24,A1 (MOODY),,Jun 01 '17,0.02,Semi-Annual,99.950,4.772200000000001,,99.650,,
MUNI 556452FV7,5.0,Aug01'24,AA2 (MOODY),,Jun 15 '17,0.02,Semi-Annual,100.024,3.676,,99.708,,
MUNI Unknown 26371UBD0,5.0,Aug01'24,,,Dec 28 '17,0.02,Semi-Annual,100.019,3.9280000000000004,,99.708,,
MUNI 35569PDS9,5.0,Aug01'24,AAA (MOODY),,Mar 07 '18,0.02,Semi-Annual,100.010,4.38,,99.708,,
MUNI 64966MXU8,5.0,Aug01'24,AA2 (MOODY),,Apr 01 '08,0.02,Semi-Annual,100.020,3.8775000000000004,,99.708,,
MUNI 617736KS1,5.0,Aug01'24,AA3 (MOODY),,Apr 04 '18,0.02,Semi-Annual,100.022,3.777,,99.708,,
MUNI 13063DHH4,5.0,Aug01'24,AA2 (MOODY),,Sep 18 '18,0.02,Semi-Annual,100.030,3.375,,99.708,,
MUNI 798306VQ6,4.0,Aug01'24,AA2 (MOODY),,Jan 22 '19,0.02,Semi-Annual,100.004,3.7230000000000003,,99.687,,
MUNI 766039VY4,4.0,Aug01'24,AA2 (MOODY),,Aug 20 '19,0.02,Semi-Annual,99.990,4.429600000000001,,99.687,,
MUNI Unknown 536597SJ7,5.0,Aug01'24,,,Aug 29 '19,0.02,Semi-Annual,100.022,3.777,,99.897,,
MUNI Unknown 764507DG1,5.0,Aug01'24,,,Jun 26 '19,0.02,Semi-Annual,100.024,3.676,,99.708,,
MUNI Unknown 702248QX6,5.0,Aug01'24,,,Aug 01 '19,0.02,Semi-Annual,100.021,3.8270000000000004,,99.708,,
MUNI Unknown 6398463P7,5.0,Aug01'24,,,Oct 01 '19,0.02,Semi-Annual,100.021,3.8270000000000004,,99.708,,
MUNI 966765RA9,4.0,Aug01'24,AA3 (MOODY),,Oct 31 '19,0.02,Semi-Annual,100.003,3.773,,99.687,,
MUNI 221623ZM6,4.0,Aug01'24,A1 (MOODY),,May 07 '20,0.02,Semi-Annual,99.990,4.429600000000001,,99.687,,
MUNI 769059ZD1,4.0,Aug01'24,AA2 (MOODY),,Dec 17 '19,0.02,Semi-Annual,100.001,3.874,,99.687,,
MUNI Unknown 5895352P7,5.0,Aug01'24,,,Jun 04 '20,0.02,Semi-Annual,100.020,3.8770000000000002,,99.708,,
MUNI Unknown 8828542V3,5.0,Aug01'24,,,Jun 02 '20,0.02,Semi-Annual,100.022,3.777,,99.708,,
MUNI 856597GV5,4.0,Aug01'24,AA1 (MOODY),NoMD,Oct 01 '20,0.02,Semi-Annual,100.001,3.874,NoMD,99.687,NoMD,
MUNI 747522VC1,4.0,Aug01'24,AA3 (MOODY),,Jan 05 '21,0.02,Semi-Annual,100.019,2.9650000000000003,,99.687,,
MUNI 43232RBB5,5.0,Aug01'24,AAA (MOODY),,May 25 '21,0.02,Semi-Annual,100.010,4.38,,99.708,,
MUNI 621196L36,4.0,Aug01'24,AA3 (MOODY),NoMD,Oct 07 '21,0.02,Semi-Annual,99.990,4.429600000000001,NoMD,99.687,NoMD,
MUNI 156792KV4,5.0,Aug01'24,AA1 (MOODY),,Nov 23 '21,0.02,Semi-Annual,100.022,3.777,,99.708,,
MUNI Unknown 613801CM9,1.125,Aug01'24,,,Mar 01 '23,0.02,Semi-Annual,99.930,4.7029000000000005,,99.626,,
MUNI 621196R63,5.0,Aug01'24,AA3 (MOODY),NoMD,May 04 '23,0.02,Semi-Annual,100.021,3.8270000000000004,NoMD,99.708,NoMD,
MUNI Unknown 4724664D0,5.0,Aug01'24,,,May 31 '23,0.02,Semi-Annual,100.020,3.8770000000000002,,99.708,,
MUNI Unknown 171314LC9,5.0,Aug01'24,NoMD,NoMD,Jul 13 '23,0.02,Semi-Annual,100.022,3.777,NoMD,99.708,NoMD,
MUNI 503678RT3,5.0,Aug01'24,AA3 (MOODY),NoMD,Aug 24 '23,0.02,Semi-Annual,100.024,3.676,NoMD,99.708,NoMD,
MUNI Unknown 283734UG4,5.0,Aug15'24,,,Apr 01 '14,0.06,Semi-Annual,100.070,3.7154000000000003,,99.636,,
MUNI Unknown 010257HZ9,5.0,Aug15'24,,,Jan 29 '15,0.06,Semi-Annual,100.084,3.48,,99.636,,
MUNI 70914PYQ9,5.0,Aug15'24,AA3 (MOODY),NoMD,Jun 16 '15,0.06,Semi-Annual,100.090,3.379,NoMD,99.636,NoMD,
MUNI 401766VN7,5.0,Aug15'24,AA2 (MOODY),,Mar 24 '16,0.06,Semi-Annual,100.116,2.943,,99.636,,
MUNI 91514ADY8,5.0,Aug15'24,AAA (MOODY),NoMD,Jul 01 '16,0.06,Semi-Annual,100.090,3.3795,NoMD,99.636,NoMD,
MUNI 414005WD6,5.0,Aug15'24,AA1 (MOODY),,Jul 12 '16,0.06,Semi-Annual,100.120,2.8759,,99.636,,
MUNI 91514AET8,5.0,Aug15'24,AAA (MOODY),NoMD,Aug 15 '16,0.06,Semi-Annual,100.087,3.43,NoMD,99.636,NoMD,
MUNI Unknown 902307KE6,4.0,Aug15'24,,,Jul 15 '16,0.06,Semi-Annual,100.020,3.5929,,99.578,,
MUNI 91514AGE9,5.0,Aug15'24,AAA (MOODY),NoMD,Nov 15 '16,0.06,Semi-Annual,100.090,3.3795,NoMD,99.636,NoMD,
MUNI 13032UHW1,5.0,Aug15'24,AA3 (MOODY),,Nov 09 '16,0.06,Semi-Annual,100.098,3.245,,99.636,,
MUNI Unknown 52882PAG3,5.0,Aug15'24,,,Aug 01 '17,0.06,Semi-Annual,100.080,3.5474,,99.636,,
MUNI Unknown 577030KY4,5.0,Aug15'24,,,Aug 18 '17,0.06,Semi-Annual,100.087,3.43,,99.636,,
MUNI 97712DC79,5.0,Aug15'24,AA3 (MOODY),,Dec 14 '17,0.06,Semi-Annual,100.080,3.5474,,99.636,,
MUNI 786005ZE1,5.0,Aug15'24,AA2 (MOODY),NoMD,Dec 14 '17,0.06,Semi-Annual,100.090,3.3795,NoMD,99.636,NoMD,
MUNI 35880CXY5,5.0,Aug15'24,AA1 (MOODY),,Apr 01 '18,0.06,Semi-Annual,100.090,3.3795,,99.636,,
MUNI 224507KU6,4.0,Aug15'24,AA2 (MOODY),,May 24 '18,0.06,Semi-Annual,100.030,3.4240000000000004,,99.752,,
MUNI Unknown 094707HR0,4.0,Aug15'24,,,Dec 20 '18,0.06,Semi-Annual,100.000,3.9306,,99.578,,
MUNI Unknown 346843RB3,5.0,Aug15'24,,,Apr 15 '20,0.06,Semi-Annual,100.080,3.5474,,99.636,,
MUNI Unknown 52882PEA2,5.0,Aug15'24,,,Jul 15 '20,0.06,Semi-Annual,100.070,3.7154000000000003,,99.636,,
MUNI Unknown 587703TR0,5.0,Aug15'24,,,Jun 15 '21,0.06,Semi-Annual,100.080,3.5474,,99.636,,
MUNI 64985HH67,5.0,Aug15'24,AAA (MOODY),,Dec 09 '21,0.06,Semi-Annual,100.090,3.3795,,99.636,,
MUNI Unknown 877294UV8,3.875,Aug15'24,,,Mar 29 '22,0.06,Semi-Annual,100.010,3.6409000000000002,,99.571,,
MUNI Unknown 550850FK2,5.0,Aug15'24,,,Sep 01 '22,0.06,Semi-Annual,100.080,3.5474,,99.636,,
MUNI Unknown 038573JC6,5.0,Aug15'24,,,Sep 01 '22,0.06,Semi-Annual,100.080,3.5474,,99.636,,
MUNI Unknown 596051YC0,5.0,Aug15'24,NoMD,NoMD,Sep 29 '22,0.06,Semi-Annual,100.080,3.5474,NoMD,99.636,NoMD,
MUNI Unknown 52882PFF0,5.0,Aug15'24,,,May 15 '23,0.06,Semi-Annual,100.080,3.5474,,99.636,,
MUNI Unknown 346843UY9,5.0,Aug15'24,NoMD,NoMD,May 15 '23,0.06,Semi-Annual,100.090,3.3795,NoMD,99.636,NoMD,
MUNI 735352LR5,5.25,Sep01'24,A1 (MOODY),,Sep 18 '07,0.11,Semi-Annual,100.507,0.309,,99.473,,
MUNI 645791CX0,4.0,Sep01'24,AAA (MOODY),,Aug 23 '12,0.11,Semi-Annual,100.124,2.746,0.10555555671453476,99.346,0.00011142,
MUNI 0523962Z0,5.0,Sep01'24,AA1 (MOODY),,Oct 01 '13,0.11,Semi-Annual,100.130,3.6577,,99.448,,
MUNI 13068LMW2,5.0,Sep01'24,AA3 (MOODY),,Apr 03 '14,0.11,Semi-Annual,100.200,2.9887,,99.448,,
MUNI Unknown 75212CAL3,5.0,Sep01'24,,,Jul 15 '14,0.11,Semi-Annual,100.154,3.4283,,99.448,,
MUNI 9308635G6,5.0,Sep01'24,AAA (MOODY),,Sep 03 '14,0.11,Semi-Annual,100.190,3.0842,,99.448,,
MUNI 799038KQ6,5.0,Sep01'24,AAA (MOODY),,Oct 09 '14,0.11,Semi-Annual,100.249,2.521,,99.448,,
MUNI 13068LQL2,5.0,Sep01'24,AA3 (MOODY),NoMD,Oct 28 '14,0.11,Semi-Annual,100.160,3.3709000000000002,NoMD,99.448,NoMD,
MUNI 556752NH2,5.0,Sep01'24,AA3 (MOODY),NoMD,Dec 23 '14,0.11,Semi-Annual,100.231,2.693,NoMD,99.448,NoMD,
MUNI Unknown 601649AK2,5.0,Sep01'24,,,Mar 18 '15,0.11,Semi-Annual,100.242,2.588,,99.448,,
MUNI 867578SH0,5.0,Sep01'24,AA1 (MOODY),,Jun 30 '15,0.11,Semi-Annual,100.248,2.5300000000000002,,99.448,,
MUNI 798189LU8,5.0,Sep01'24,AA1 (MOODY),,Jun 30 '15,0.11,Semi-Annual,100.247,2.54,,99.448,,
MUNI Unknown 384201DK2,5.0,Sep01'24,,,Jun 30 '15,0.11,Semi-Annual,100.211,2.8840000000000003,,99.448,,
MUNI 626905MH3,5.0,Sep01'24,A1 (MOODY),,Jul 30 '15,0.11,Semi-Annual,100.234,2.664,,99.448,,
MUNI Unknown 162393EG3,5.0,Sep01'24,NoMD,NoMD,Aug 18 '15,0.11,Semi-Annual,100.226,2.74,NoMD,99.448,NoMD,
MUNI 295173PG7,5.0,Sep01'24,AA2 (MOODY),,Sep 23 '15,0.11,Semi-Annual,100.163,3.342,,99.448,,
MUNI 485424QC2,5.0,Sep01'24,AA2 (MOODY),NoMD,Sep 16 '15,0.11,Semi-Annual,100.223,2.769,NoMD,99.448,NoMD,
MUNI Unknown 89952PEC5,5.0,Sep01'24,NoMD,NoMD,Sep 09 '15,0.11,Semi-Annual,100.224,2.7600000000000002,NoMD,99.448,NoMD,
MUNI 49118NFG5,5.0,Sep01'24,A2 (MOODY),NoMD,Oct 15 '15,0.11,Semi-Annual,100.229,2.712,NoMD,99.448,NoMD,
MUNI Unknown 56045PDF7,5.0,Sep01'24,,,Oct 22 '15,0.11,Semi-Annual,100.160,3.3709000000000002,,99.833,,
MUNI Unknown 815662JA0,5.0,Sep01'24,,,Oct 28 '15,0.11,Semi-Annual,100.110,3.849,,99.448,,
MUNI 13063CYD6,5.0,Sep01'24,AA2 (MOODY),NoMD,Nov 03 '15,0.11,Semi-Annual,100.180,3.1798,NoMD,99.448,NoMD,
MUNI 526030W64,5.0,Sep01'24,AAA (MOODY),,Dec 15 '15,0.11,Semi-Annual,100.232,2.6830000000000003,,99.448,,
MUNI 296142AJ1,5.0,Sep01'24,AA3 (MOODY),NoMD,Jan 26 '16,0.11,Semi-Annual,100.228,2.721,NoMD,99.448,NoMD,
MUNI Unknown 79730WAH3,5.0,Sep01'24,NoMD,NoMD,Jan 28 '16,0.11,Semi-Annual,100.120,3.7534,NoMD,99.448,NoMD,
MUNI 419722P56,5.0,Sep01'24,AA2 (MOODY),NoMD,Feb 18 '16,0.11,Semi-Annual,100.232,2.6830000000000003,NoMD,99.448,NoMD,
MUNI 677522HL1,5.0,Sep01'24,AAA (MOODY),,Mar 09 '16,0.11,Semi-Annual,100.254,2.4730000000000003,,99.448,,
MUNI 13063CZR4,5.0,Sep01'24,AA2 (MOODY),NoMD,Mar 17 '16,0.11,Semi-Annual,100.239,2.616,NoMD,99.448,NoMD,
MUNI 46256QGL4,5.0,Sep01'24,AA2 (MOODY),,May 01 '16,0.11,Semi-Annual,100.239,2.616,,99.448,,
MUNI 62451FHG8,5.0,Sep01'24,AAA (MOODY),,May 19 '16,0.11,Semi-Annual,100.246,2.5500000000000003,,99.448,,
MUNI 709235WS0,5.0,Sep01'24,AA1 (MOODY),NoMD,Jun 16 '16,0.11,Semi-Annual,100.241,2.597,NoMD,99.448,NoMD,
MUNI 46256QGX8,3.0,Sep01'24,AA2 (MOODY),,Jun 01 '16,0.11,Semi-Annual,100.025,2.724,,99.243,,
MUNI Unknown 139708BZ3,4.0,Sep01'24,,,Jul 28 '16,0.11,Semi-Annual,100.057,3.3896,,99.346,,
MUNI 802649RK1,5.0,Sep01'24,AA3 (MOODY),,Aug 11 '16,0.11,Semi-Annual,100.257,2.4450000000000003,,99.448,,
MUNI Unknown 735352PY6,5.0,Sep01'24,,,Aug 30 '16,0.11,Semi-Annual,100.232,2.6830000000000003,,99.448,,
MUNI 799017RR1,5.0,Sep01'24,AAA (MOODY),,Sep 21 '16,0.11,Semi-Annual,100.250,2.511,,99.448,,
MUNI 13063CT83,5.0,Sep01'24,AA2 (MOODY),NoMD,Sep 13 '16,0.11,Semi-Annual,100.267,2.349,NoMD,99.448,NoMD,
MUNI Unknown 598022HF1,5.0,Sep01'24,NoMD,NoMD,Sep 22 '16,0.11,Semi-Annual,100.246,2.5500000000000003,NoMD,99.448,NoMD,
MUNI 584002TX7,5.0,Sep01'24,AAA (MOODY),,Oct 12 '16,0.11,Semi-Annual,100.254,2.4730000000000003,,99.448,,
MUNI Unknown 254462DJ0,4.0,Sep01'24,,,Oct 12 '16,0.11,Semi-Annual,100.121,2.775,,99.346,,
MUNI Unknown 689870KQ5,5.0,Sep01'24,,,Nov 30 '16,0.11,Semi-Annual,100.222,2.779,,99.448,,
MUNI Unknown 123457HD8,3.0,Sep01'24,,,Jun 06 '17,0.11,Semi-Annual,99.985,3.109,,99.243,,
MUNI 762197UZ2,5.0,Sep01'24,AA1 (MOODY),,Jul 19 '17,0.11,Semi-Annual,100.250,2.511,,99.448,,
MUNI Unknown 77781PCS4,5.0,Sep01'24,NoMD,NoMD,Jul 12 '17,0.11,Semi-Annual,100.158,3.39,NoMD,99.448,NoMD,
MUNI 341602F39,5.0,Sep01'24,AA1 (MOODY),,Aug 24 '17,0.11,Semi-Annual,100.226,2.74,,99.448,,
MUNI 795168JY0,3.0,Sep01'24,AA3 (MOODY),,Sep 07 '17,0.11,Semi-Annual,100.017,2.801,,99.243,,
MUNI 438687BZ7,4.0,Sep01'24,AA2 (MOODY),NoMD,Sep 14 '17,0.11,Semi-Annual,100.142,2.5740000000000003,NoMD,99.346,NoMD,
MUNI 13068LM85,5.0,Sep01'24,AA3 (MOODY),NoMD,Oct 12 '17,0.11,Semi-Annual,100.241,2.597,NoMD,99.448,NoMD,
MUNI 95649ACJ1,5.0,Sep01'24,A2 (MOODY),NoMD,Oct 26 '17,0.11,Semi-Annual,100.238,2.6260000000000003,NoMD,99.448,NoMD,
MUNI 906395Y51,5.0,Sep01'24,AAA (MOODY),,Nov 21 '17,0.11,Semi-Annual,100.178,3.1990000000000003,,99.448,,
MUNI 92778WFN1,3.0,Sep01'24,AA1 (MOODY),NoMD,Dec 05 '17,0.11,Semi-Annual,99.767,5.2170000000000005,NoMD,99.243,NoMD,
MUNI 655867VW6,5.0,Sep01'24,AA2 (MOODY),NoMD,Dec 05 '17,0.11,Semi-Annual,100.263,2.387,NoMD,99.448,NoMD,
MUNI 655867WS4,3.0,Sep01'24,AA2 (MOODY),,Dec 05 '17,0.11,Semi-Annual,100.028,2.6950000000000003,,99.243,,
MUNI 180782HE7,3.0,Sep01'24,A1 (MOODY),,Dec 01 '17,0.11,Semi-Annual,99.997,2.994,,99.243,,
MUNI Unknown 815670MV3,5.0,Sep01'24,,,Dec 28 '17,0.11,Semi-Annual,100.231,2.693,,99.448,,
MUNI 57584YFR5,5.0,Sep01'24,AA3 (MOODY),,Jun 07 '18,0.11,Semi-Annual,100.160,3.3709000000000002,,99.448,,
MUNI 846727KP9,5.0,Sep01'24,AA2 (MOODY),,Jun 06 '18,0.11,Semi-Annual,100.168,3.294,,99.448,,
MUNI 46256QHH2,5.0,Sep01'24,AA2 (MOODY),,Jun 01 '18,0.11,Semi-Annual,100.252,2.492,,99.448,,
MUNI 438687GC3,5.0,Sep01'24,AA2 (MOODY),NoMD,Sep 05 '18,0.11,Semi-Annual,100.238,2.6260000000000003,NoMD,99.448,NoMD,
MUNI 674736EU3,5.0,Sep01'24,AAA (MOODY),,Sep 18 '18,0.11,Semi-Annual,100.250,2.511,,99.448,,
MUNI Unknown 76904RBK2,5.0,Sep01'24,,,Sep 27 '18,0.11,Semi-Annual,100.177,3.208,,99.448,,
MUNI 236866QM4,5.0,Sep01'24,AA1 (MOODY),NoMD,Sep 26 '18,0.11,Semi-Annual,100.246,2.5500000000000003,NoMD,99.448,NoMD,
MUNI 052397LR5,5.0,Sep01'24,AA1 (MOODY),NoMD,Oct 03 '18,0.11,Semi-Annual,100.243,2.5780000000000003,NoMD,99.448,NoMD,
MUNI Unknown 074428AF0,5.0,Sep01'24,,,Sep 27 '18,0.11,Semi-Annual,100.238,2.6260000000000003,,99.448,,
MUNI 491209AF9,5.0,Sep01'24,A2 (MOODY),,Oct 16 '18,0.11,Semi-Annual,100.214,2.855,,99.448,,
MUNI 677522A79,5.0,Sep01'24,AAA (MOODY),,Nov 06 '18,0.11,Semi-Annual,100.248,2.5300000000000002,,99.448,,
MUNI Unknown 914367FH5,4.0,Sep01'24,,,Feb 21 '19,0.11,Semi-Annual,100.124,2.746,,99.346,,
MUNI Unknown 54641CAE5,5.0,Sep01'24,NoMD,NoMD,Apr 23 '19,0.11,Semi-Annual,100.249,2.521,NoMD,99.448,NoMD,
MUNI 411612GX6,5.0,Sep01'24,AA2 (MOODY),,Sep 04 '19,0.11,Semi-Annual,100.253,2.483,,99.448,,
MUNI Unknown 658792DA1,5.0,Sep01'24,,,Sep 05 '19,0.11,Semi-Annual,100.158,3.39,,99.448,,
MUNI 346593JA5,5.0,Sep01'24,AAA (MOODY),,Sep 05 '19,0.11,Semi-Annual,100.238,2.6260000000000003,,99.448,,
MUNI 704883XC6,5.0,Sep01'24,AA3 (MOODY),,Aug 01 '19,0.11,Semi-Annual,100.100,3.9447,,99.448,,
MUNI 147051WP7,5.0,Sep01'24,AAA (MOODY),NoMD,Aug 06 '19,0.11,Semi-Annual,100.246,2.5500000000000003,NoMD,99.448,NoMD,
MUNI 01030LCW3,5.0,Sep01'24,AA3 (MOODY),,Sep 25 '19,0.11,Semi-Annual,100.120,3.7534,,99.448,,
MUNI Unknown 106207JH7,3.0,Sep01'24,,,Oct 01 '19,0.11,Semi-Annual,100.016,2.81,,99.243,,
MUNI 57419TFZ9,1.15,Sep01'24,AA1 (MOODY),,Feb 25 '20,0.11,Semi-Annual,99.630,4.7459,,99.051,,
MUNI Unknown 90811QAE2,4.0,Sep01'24,,,Feb 20 '20,0.11,Semi-Annual,100.138,2.612,,99.346,,
MUNI Unknown 655867D55,5.0,Sep01'24,,,Apr 02 '20,0.11,Semi-Annual,100.239,2.616,,99.448,,
MUNI 64580CFX0,5.0,Sep01'24,AAA (MOODY),,May 13 '20,0.11,Semi-Annual,100.150,3.4665000000000004,,99.448,,
MUNI 34679TTP0,4.0,Sep01'24,AA3 (MOODY),NoMD,Jul 01 '20,0.11,Semi-Annual,100.020,3.7452,NoMD,99.346,NoMD,
MUNI 26822LML5,5.0,Sep01'24,A1 (MOODY),,Jun 18 '20,0.11,Semi-Annual,100.219,2.807,,99.448,,
MUNI 593791JB3,5.0,Sep01'24,AA3 (MOODY),,Jul 16 '20,0.11,Semi-Annual,100.232,2.6830000000000003,,99.448,,
MUNI Unknown 759592UY2,4.0,Sep01'24,,,Jul 01 '20,0.11,Semi-Annual,100.119,2.794,,99.346,,
MUNI 207135ZF4,5.0,Sep01'24,AA3 (MOODY),,Aug 27 '20,0.11,Semi-Annual,100.230,2.702,,99.833,,
MUNI 562785NQ4,3.0,Sep01'24,AA1 (MOODY),NoMD,Aug 26 '20,0.11,Semi-Annual,100.041,2.569,NoMD,99.243,NoMD,
MUNI Unknown 534272L98,0.605,Sep01'24,NoMD,NoMD,Sep 23 '20,0.11,Semi-Annual,99.628,4.23,NoMD,98.993,NoMD,
MUNI 530393CP0,5.0,Sep01'24,AA3 (MOODY),,Oct 29 '20,0.11,Semi-Annual,100.230,2.702,,99.448,,
MUNI 411457AN4,4.0,Sep01'24,AA1 (MOODY),,Feb 02 '21,0.11,Semi-Annual,100.146,2.535,,99.346,,
MUNI 92778WMX1,3.0,Sep01'24,AA1 (MOODY),,Jul 12 '16,0.11,Semi-Annual,100.028,2.6950000000000003,,99.243,,
MUNI Unknown 876448EV9,4.0,Sep01'24,NoMD,NoMD,Feb 01 '21,0.11,Semi-Annual,100.125,2.737,NoMD,99.346,NoMD,
MUNI 13063DD47,5.0,Sep01'24,AA2 (MOODY),,Sep 02 '21,0.11,Semi-Annual,100.180,3.1798,,99.448,,
MUNI 795168LW1,0.6,Sep01'24,AA3 (MOODY),NoMD,May 25 '21,0.11,Semi-Annual,99.477,5.7049,NoMD,98.993,NoMD,
MUNI 914391U88,5.0,Sep01'24,BAA1 (MOODY),,Jun 03 '21,0.11,Semi-Annual,100.110,3.849,,99.448,,
MUNI Unknown 15324XBE3,5.0,Sep01'24,,,Jun 24 '21,0.11,Semi-Annual,100.180,3.1798,,99.448,,
MUNI Unknown 90811QBB7,4.0,Sep01'24,,,Aug 12 '21,0.11,Semi-Annual,100.070,3.2648,,99.346,,
MUNI Unknown 84208SCB6,5.0,Sep01'24,,,Aug 30 '21,0.11,Semi-Annual,100.241,2.597,,99.448,,
MUNI 575100MQ2,2.0,Sep01'24,A1 (MOODY),,Sep 07 '21,0.11,Semi-Annual,100.191,0.14,,99.139,,
MUNI 416489XS6,4.0,Sep01'24,AA2 (MOODY),,Aug 31 '21,0.11,Semi-Annual,100.140,2.593,,99.346,,
MUNI 60412AWD1,5.0,Sep01'24,AAA (MOODY),,Sep 23 '21,0.11,Semi-Annual,100.256,2.454,,99.448,,
MUNI Unknown 6902756H0,4.0,Sep01'24,,,Oct 21 '21,0.11,Semi-Annual,100.148,2.516,,99.346,,
MUNI 717883XY3,5.0,Sep01'24,A1 (MOODY),,Nov 04 '21,0.11,Semi-Annual,100.224,2.7600000000000002,,99.448,,
MUNI 709699LJ9,5.0,Sep01'24,AA3 (MOODY),NoMD,Dec 10 '21,0.11,Semi-Annual,100.247,2.54,NoMD,99.448,NoMD,
MUNI Unknown 483278UG0,5.0,Sep01'24,,,May 03 '22,0.11,Semi-Annual,100.237,2.6350000000000002,,99.448,,
MUNI 812627LS4,4.0,Sep01'24,AAA (MOODY),,May 18 '22,0.11,Semi-Annual,100.145,2.545,,99.346,,
MUNI Unknown 938823BL4,5.0,Sep01'24,NoMD,NoMD,Jun 30 '22,0.11,Semi-Annual,100.223,2.769,NoMD,99.448,NoMD,
MUNI 151141ZH4,5.0,Sep01'24,AA1 (MOODY),,Jul 15 '22,0.11,Semi-Annual,100.148,3.486,,99.448,,
MUNI Unknown 13201RAA8,5.0,Sep01'24,,,Oct 20 '22,0.11,Semi-Annual,100.227,2.7310000000000003,,99.448,,
MUNI 798189TJ5,5.127,Sep01'24,AA1 (MOODY),,Mar 15 '23,0.11,Semi-Annual,99.930,5.6961,,99.461,,
MUNI Unknown 49118NFY6,5.0,Sep01'24,,,Jun 22 '23,0.11,Semi-Annual,100.249,2.521,,99.448,,
MUNI 581733DA7,6.5,Sep01'24,BAA3 (MOODY),,Sep 01 '23,0.11,Semi-Annual,100.364,2.874,,99.599,,
MUNI 347658ZB5,5.0,Sep01'24,AA1 (MOODY),NoMD,Oct 19 '23,0.11,Semi-Annual,100.231,2.693,NoMD,99.448,NoMD,
MUNI 664751DM3,5.0,Sep01'24,A1 (MOODY),NoMD,Jun 06 '24,0.11,Principal at Maturity,100.220,2.834,NoMD,99.448,NoMD,
MUNI 64579SHW8,4.0,Sep01'24,AAA (MOODY),,Jan 31 '17,0.11,Semi-Annual,100.030,3.649,,99.346,,
MUNI 677521MB9,5.0,Sep15'24,AAA (MOODY),NoMD,Jul 28 '11,0.15,Semi-Annual,100.316,2.712,NoMD,99.314,NoMD,
MUNI 597103UU2,5.0,Sep15'24,AA3 (MOODY),NoMD,Jan 28 '15,0.15,Semi-Annual,100.402,2.1159,NoMD,99.314,NoMD,
MUNI 5178407M0,5.0,Sep15'24,AA1 (MOODY),,Jun 18 '15,0.15,Semi-Annual,100.396,2.1575,,99.314,,
MUNI Unknown 809095VW9,5.0,Sep15'24,,,Jun 29 '15,0.15,Semi-Annual,100.315,2.7190000000000003,,100.202,,
MUNI 05753PCB6,5.0,Sep15'24,AA2 (MOODY),,Aug 13 '15,0.15,Semi-Annual,100.321,2.678,,99.335,,
MUNI 433344UU0,5.0,Sep15'24,AAA (MOODY),NoMD,May 19 '16,0.15,Semi-Annual,100.220,3.3791,NoMD,99.366,NoMD,
MUNI 70914PB43,5.0,Sep15'24,AA3 (MOODY),NoMD,Jun 17 '16,0.15,Semi-Annual,100.220,3.3791,NoMD,99.314,NoMD,
MUNI 70914PD82,5.0,Sep15'24,AA3 (MOODY),,Aug 19 '16,0.15,Semi-Annual,100.401,2.1229,,99.314,,
MUNI 92778UAR1,5.0,Sep15'24,AA1 (MOODY),NoMD,Nov 09 '16,0.15,Semi-Annual,100.314,2.726,NoMD,99.314,NoMD,
MUNI 442404DV8,5.0,Sep15'24,AA1 (MOODY),NoMD,Jun 15 '17,0.15,Semi-Annual,100.383,2.2476000000000003,NoMD,99.314,NoMD,
MUNI 967001GQ5,5.0,Sep15'24,AA2 (MOODY),,Sep 01 '17,0.15,Semi-Annual,100.210,3.4486000000000003,,99.340,,
MUNI 7417013C8,5.0,Sep15'24,AAA (MOODY),,Sep 12 '17,0.15,Semi-Annual,100.324,2.657,,99.314,,
MUNI 92778UBT6,5.0,Sep15'24,AA1 (MOODY),,Dec 07 '17,0.15,Semi-Annual,100.305,2.789,,99.314,,
MUNI 677522VJ0,5.0,Sep15'24,AAA (MOODY),,Dec 21 '17,0.15,Semi-Annual,100.309,2.761,,99.314,,
MUNI 20772KEK1,5.0,Sep15'24,AA3 (MOODY),,Sep 13 '18,0.15,Semi-Annual,100.339,2.553,,99.314,,
MUNI 20772KDP1,5.0,Sep15'24,AA3 (MOODY),NoMD,Sep 13 '18,0.15,Semi-Annual,100.301,2.8160000000000003,NoMD,99.314,NoMD,
MUNI 3796995S6,5.0,Sep15'24,AA1 (MOODY),,Nov 06 '19,0.15,Semi-Annual,100.230,3.3096,,99.366,,
MUNI Unknown 01212PCX2,5.0,Sep15'24,,,Jun 25 '20,0.15,Semi-Annual,100.240,3.2401,,99.240,,
MUNI 6775223L6,5.0,Sep15'24,AAA (MOODY),,Jun 26 '20,0.15,Semi-Annual,100.240,3.2401,,99.314,,
MUNI Unknown 941383QW4,5.0,Sep15'24,,,Jul 23 '20,0.15,Semi-Annual,100.240,3.2401,,99.257,,
MUNI 964390BU1,5.0,Sep15'24,AA1 (MOODY),,Aug 13 '20,0.15,Semi-Annual,100.460,1.7143000000000002,,99.314,,
MUNI 161069Z44,5.0,Sep15'24,AAA (MOODY),,Sep 30 '20,0.15,Semi-Annual,100.320,2.684,,99.371,,
MUNI Unknown 7513964E9,4.0,Sep15'24,,,Sep 23 '21,0.15,Semi-Annual,100.150,2.895,,99.230,,
MUNI 20772KRP6,5.0,Sep15'24,AA3 (MOODY),,Jun 22 '22,0.15,Semi-Annual,100.464,1.6867,,99.314,,
MUNI 296809RF5,5.5,Oct01'24,AA1 (MOODY),NoMD,Oct 05 '04,0.19,Semi-Annual,100.569,2.3879,NoMD,99.364,NoMD,
MUNI Unknown 684545YC4,5.0,Oct01'24,,,Sep 28 '10,0.19,Semi-Annual,100.450,2.531,,99.232,,
MUNI 51166FCD9,5.0,Oct01'24,AA3 (MOODY),,Oct 20 '10,0.19,Semi-Annual,100.435,2.6104000000000003,,99.232,,
MUNI 686507FK5,5.0,Oct01'24,AA2 (MOODY),,Aug 14 '12,0.19,Semi-Annual,100.479,2.3776,,99.232,,
MUNI 686507GA6,5.0,Oct01'24,AA2 (MOODY),,Jan 09 '13,0.19,Semi-Annual,100.337,3.1296,,99.232,,
MUNI 658289B51,2.723,Oct01'24,AA1 (MOODY),NoMD,Mar 06 '13,0.19,Semi-Annual,100.020,2.593,NoMD,98.881,NoMD,
MUNI 74176FCG2,5.0,Oct01'24,AA1 (MOODY),,Apr 04 '13,0.19,Semi-Annual,100.310,3.2728,,99.293,,
MUNI 70253QAT6,5.0,Oct01'24,A1 (MOODY),,Dec 27 '13,0.19,Semi-Annual,100.373,2.939,,99.144,,
MUNI 13068LNJ0,5.0,Oct01'24,AA3 (MOODY),,Apr 24 '14,0.19,Semi-Annual,100.330,3.1667,,99.144,,
MUNI Unknown 212218SG7,5.0,Oct01'24,NoMD,NoMD,Jun 19 '14,0.19,Semi-Annual,100.484,2.3511,NoMD,99.232,NoMD,
MUNI Unknown 45505MCV6,5.0,Oct01'24,,,Jul 16 '14,0.19,Semi-Annual,100.645,1.5010000000000001,,99.283,,
MUNI 882723NW5,5.0,Oct01'24,AAA (MOODY),,Jul 08 '14,0.19,Semi-Annual,100.378,2.912,,99.227,,
MUNI 736742VD6,5.0,Oct01'24,AA1 (MOODY),,Aug 14 '14,0.19,Semi-Annual,100.300,3.3259000000000003,,99.232,,
MUNI 751120CT1,5.0,Oct01'24,AA2 (MOODY),,Nov 05 '14,0.19,Semi-Annual,100.340,3.1137,,99.232,,
MUNI Unknown 587619AK3,5.0,Oct01'24,NoMD,NoMD,Aug 21 '14,0.19,Semi-Annual,100.369,2.96,NoMD,99.288,NoMD,
MUNI 79560TCL4,4.0,Oct01'24,AA1 (MOODY),NoMD,Sep 24 '14,0.19,Semi-Annual,100.112,3.3520000000000003,NoMD,99.020,NoMD,
MUNI 92817LPH0,5.0,Oct01'24,AAA (MOODY),NoMD,Sep 30 '14,0.19,Semi-Annual,100.529,2.1133,NoMD,99.232,NoMD,
MUNI Unknown 803297CB4,5.0,Oct01'24,NoMD,NoMD,Oct 16 '14,0.19,Semi-Annual,100.504,2.2454,NoMD,99.232,NoMD,
MUNI 13063CNK2,5.0,Oct01'24,AA2 (MOODY),,Oct 07 '14,0.19,Semi-Annual,100.401,2.79,,99.144,,
MUNI 30382ACG5,5.0,Oct01'24,AAA (MOODY),,Nov 04 '14,0.19,Semi-Annual,100.300,3.3259000000000003,,99.232,,
MUNI 469487JR4,5.0,Oct01'24,AA2 (MOODY),,Nov 19 '14,0.19,Semi-Annual,100.270,3.4851,,99.232,,
MUNI Unknown 612194AK6,5.0,Oct01'24,,,Nov 26 '14,0.19,Semi-Annual,100.373,2.939,,99.283,,
MUNI Unknown 967338WD2,5.0,Oct01'24,,,Dec 01 '14,0.19,Semi-Annual,100.303,3.31,,99.232,,
MUNI 455114JZ2,4.0,Oct01'24,A1 (MOODY),,Jan 07 '15,0.19,Semi-Annual,100.168,3.0540000000000003,,99.020,,
MUNI 605581FT9,5.0,Oct01'24,AA2 (MOODY),,Feb 18 '15,0.19,Semi-Annual,100.462,2.4675000000000002,,99.232,,
MUNI 605581FN2,4.0,Oct01'24,AA2 (MOODY),,Feb 18 '15,0.19,Semi-Annual,100.070,3.5765000000000002,,99.020,,
MUNI 70917SQF3,5.0,Oct01'24,AA1 (MOODY),,Apr 16 '15,0.19,Semi-Annual,100.525,2.1344000000000003,,99.232,,
MUNI 70917SPJ6,5.0,Oct01'24,AA1 (MOODY),,Apr 16 '15,0.19,Semi-Annual,100.522,2.1503,,99.232,,
MUNI 64966LZJ3,2.88,Oct01'24,AA2 (MOODY),,Mar 31 '15,0.19,Semi-Annual,99.520,5.436100000000001,,98.782,,
MUNI 438670V57,5.0,Oct01'24,AA2 (MOODY),,Apr 02 '15,0.19,Semi-Annual,100.270,3.4851,,99.232,,
MUNI 438670Y39,5.0,Oct01'24,AA2 (MOODY),NoMD,Apr 02 '15,0.19,Semi-Annual,100.397,2.8120000000000003,NoMD,99.232,NoMD,
MUNI 58400CAW7,5.0,Oct01'24,AA1 (MOODY),NoMD,Apr 30 '15,0.19,Semi-Annual,100.310,3.2728,NoMD,99.232,NoMD,
MUNI 790407JL5,5.0,Oct01'24,AA3 (MOODY),NoMD,Apr 16 '15,0.19,Semi-Annual,100.456,2.4992,NoMD,99.232,NoMD,
MUNI 561851HM1,5.0,Oct01'24,AA1 (MOODY),NoMD,Apr 22 '15,0.19,Semi-Annual,100.315,3.246,NoMD,99.232,NoMD,
MUNI 79207QCT2,5.0,Oct01'24,A1 (MOODY),,May 14 '15,0.19,Semi-Annual,100.240,3.6445000000000003,,99.273,,
MUNI 547473EF1,2.5,Oct01'24,AA3 (MOODY),,May 19 '15,0.19,Semi-Annual,99.740,3.8767,,98.841,,
MUNI Unknown 401905EZ3,5.0,Oct01'24,NoMD,NoMD,Apr 01 '15,0.19,Semi-Annual,100.230,3.6976,NoMD,99.288,NoMD,
MUNI 52908EZE6,5.0,Oct01'24,AA2 (MOODY),,Jun 03 '15,0.19,Semi-Annual,100.454,2.5098000000000003,,99.232,,
MUNI 414009JQ4,5.0,Oct01'24,AA2 (MOODY),,Jun 03 '15,0.19,Semi-Annual,100.340,3.1140000000000003,,99.144,,
MUNI 59334DHX5,5.0,Oct01'24,AA3 (MOODY),,Jun 03 '15,0.19,Semi-Annual,100.449,2.5363,,99.232,,
MUNI 115117LK7,5.0,Oct01'24,AA1 (MOODY),,Jul 21 '15,0.19,Semi-Annual,100.280,3.4320000000000004,,99.232,,
MUNI 837152TJ6,5.0,Oct01'24,AA3 (MOODY),NoMD,Jul 01 '15,0.19,Semi-Annual,100.474,2.404,NoMD,99.232,NoMD,
MUNI 915200VC0,5.0,Oct01'24,AA3 (MOODY),,Jul 15 '15,0.19,Semi-Annual,100.355,3.0340000000000003,,99.232,,
MUNI Unknown 13048TWW9,5.0,Oct01'24,NoMD,NoMD,Jul 21 '15,0.19,Semi-Annual,100.388,2.859,NoMD,99.273,NoMD,
MUNI 88283LJW7,5.0,Oct01'24,AAA (MOODY),,Jul 22 '15,0.19,Semi-Annual,100.415,2.716,,99.252,,
MUNI 882723ZB8,5.0,Oct01'24,AAA (MOODY),,Sep 30 '15,0.19,Semi-Annual,100.360,3.0076,,99.232,,
MUNI 419792CM6,5.0,Oct01'24,AA2 (MOODY),NoMD,Oct 29 '15,0.19,Semi-Annual,100.452,2.5204,NoMD,99.232,NoMD,
MUNI 957897HD6,5.0,Oct01'24,AA3 (MOODY),,Nov 19 '15,0.19,Semi-Annual,100.304,3.305,,99.233,,
MUNI 240523YM6,5.0,Oct01'24,AA3 (MOODY),NoMD,Dec 03 '15,0.19,Semi-Annual,100.260,3.5383,NoMD,99.124,NoMD,
MUNI Unknown 593339AJ3,5.0,Oct01'24,,,Dec 17 '15,0.19,Semi-Annual,100.530,2.108,,99.232,,
MUNI 469495DD4,5.0,Oct01'24,AA3 (MOODY),,Dec 30 '15,0.19,Semi-Annual,100.310,3.2728,,99.232,,
MUNI 51166FDV8,5.0,Oct01'24,AA3 (MOODY),,Feb 05 '16,0.19,Semi-Annual,100.431,2.6315,,99.288,,
MUNI 30382AEL2,4.0,Oct01'24,AAA (MOODY),NoMD,Feb 09 '16,0.19,Semi-Annual,100.170,3.0432,NoMD,98.898,NoMD,
MUNI 79042DAH8,5.0,Oct01'24,A1 (MOODY),,Feb 25 '16,0.19,Semi-Annual,100.358,3.0182,,99.232,,
MUNI 7045735G5,4.0,Oct01'24,AA3 (MOODY),NoMD,Mar 23 '16,0.19,Semi-Annual,100.110,3.363,NoMD,99.098,NoMD,
MUNI Unknown 88906RFA3,5.0,Oct01'24,,,Apr 13 '16,0.19,Semi-Annual,100.330,3.1667,,99.144,,
MUNI 13034AKD1,5.0,Oct01'24,AAA (MOODY),,Apr 28 '16,0.19,Semi-Annual,100.521,2.1555,,99.144,,
MUNI 13034AJL5,4.0,Oct01'24,AAA (MOODY),,Apr 28 '16,0.19,Semi-Annual,100.322,2.2346,,99.020,,
MUNI 64990BL84,5.0,Oct01'24,AA3 (MOODY),NoMD,May 27 '16,0.19,Semi-Annual,100.330,3.1667,NoMD,99.282,NoMD,
MUNI Unknown 64990BK77,5.0,Oct01'24,NoMD,NoMD,May 27 '16,0.19,Semi-Annual,100.378,2.912,NoMD,99.232,NoMD,
MUNI 79768HCJ5,5.0,Oct01'24,AA2 (MOODY),,May 24 '16,0.19,Semi-Annual,100.310,3.2728,,99.232,,
MUNI 845040KH6,5.0,Oct01'24,AA3 (MOODY),,May 27 '16,0.19,Semi-Annual,100.476,2.3934,,99.232,,
MUNI Unknown 64990BV59,5.0,Oct01'24,,,Jun 15 '16,0.19,Semi-Annual,100.446,2.5521000000000003,,99.232,,
MUNI Unknown 552048PL8,5.0,Oct01'24,,,Jun 16 '16,0.19,Semi-Annual,100.340,3.1140000000000003,,99.293,,
MUNI Unknown 679384JK4,4.0,Oct01'24,,,Jul 26 '16,0.19,Semi-Annual,100.130,3.2564,,99.020,,
MUNI 837152TY3,5.0,Oct01'24,AA3 (MOODY),NoMD,Jul 20 '16,0.19,Semi-Annual,100.360,3.0076,NoMD,99.232,NoMD,
MUNI Unknown 59333NYK3,5.0,Oct01'24,,,Jul 27 '16,0.19,Semi-Annual,100.477,2.3881,,99.232,,
MUNI Unknown 373295LC6,5.0,Oct01'24,,,Jul 28 '16,0.19,Semi-Annual,100.271,3.48,,99.232,,
MUNI Unknown 59333PS66,5.0,Oct01'24,,,Aug 25 '16,0.19,Semi-Annual,100.280,3.4320000000000004,,99.144,,
MUNI Unknown 59333PV39,2.504,Oct01'24,,,Aug 25 '16,0.19,Semi-Annual,99.470,5.3381,,98.618,,
MUNI 67759HHJ6,5.0,Oct01'24,AA1 (MOODY),,Aug 25 '16,0.19,Semi-Annual,100.476,2.3934,,99.232,,
MUNI 57582RKY1,5.0,Oct01'24,AA1 (MOODY),NoMD,Sep 01 '16,0.19,Semi-Annual,100.340,3.1137,NoMD,99.273,NoMD,
MUNI 455114MA3,5.0,Oct01'24,A1 (MOODY),NoMD,Sep 15 '16,0.19,Semi-Annual,100.345,3.087,NoMD,99.232,NoMD,
MUNI Unknown 45505MFL5,5.0,Oct01'24,NoMD,NoMD,Sep 21 '16,0.19,Semi-Annual,100.280,3.4320000000000004,NoMD,99.268,NoMD,
MUNI 56041MQC1,5.0,Oct01'24,AA2 (MOODY),,Oct 06 '16,0.19,Semi-Annual,100.503,2.2507,,99.232,,
MUNI 914325EQ4,5.0,Oct01'24,AA2 (MOODY),,Sep 29 '16,0.19,Semi-Annual,100.338,3.124,,99.268,,
MUNI 419792LZ7,4.0,Oct01'24,AA2 (MOODY),,Oct 13 '16,0.19,Semi-Annual,100.276,2.479,,99.020,,
MUNI 419792MF0,5.0,Oct01'24,AA2 (MOODY),,Oct 13 '16,0.19,Semi-Annual,100.490,2.319,,99.232,,
MUNI 419792LF1,5.0,Oct01'24,AA2 (MOODY),,Oct 13 '16,0.19,Semi-Annual,100.357,3.024,,99.232,,
MUNI 4386705C1,5.0,Oct01'24,AA2 (MOODY),NoMD,Oct 26 '16,0.19,Semi-Annual,100.448,2.5416000000000003,NoMD,99.232,NoMD,
MUNI Unknown 455412AG1,5.0,Oct01'24,,,Nov 17 '16,0.19,Semi-Annual,100.250,3.5914,,99.257,,
MUNI 13068LB79,5.0,Oct01'24,AA3 (MOODY),,Nov 03 '16,0.19,Semi-Annual,100.400,2.7960000000000003,,99.232,,
MUNI 13937KGJ9,5.0,Oct01'24,AA2 (MOODY),NoMD,Feb 16 '17,0.19,Semi-Annual,100.487,2.3353,NoMD,99.232,NoMD,
MUNI Unknown 246003MS3,5.0,Oct01'24,,,Feb 28 '17,0.19,Semi-Annual,100.280,3.4320000000000004,,99.283,,
MUNI 882724AG2,5.0,Oct01'24,AAA (MOODY),NoMD,Mar 29 '17,0.19,Semi-Annual,100.516,2.182,NoMD,99.232,NoMD,
MUNI 63165TYD1,5.0,Oct01'24,AA2 (MOODY),NoMD,Feb 09 '16,0.19,Semi-Annual,100.525,2.134,NoMD,99.252,NoMD,
MUNI 57582RNK8,5.0,Oct01'24,AA1 (MOODY),,Apr 13 '17,0.19,Semi-Annual,100.280,3.4320000000000004,,99.232,,
MUNI 419792SD9,5.0,Oct01'24,AA2 (MOODY),NoMD,May 24 '17,0.19,Semi-Annual,100.395,2.822,NoMD,99.268,NoMD,
MUNI 915200YD5,5.0,Oct01'24,AA3 (MOODY),NoMD,Jul 10 '17,0.19,Semi-Annual,100.360,3.008,NoMD,99.230,NoMD,
MUNI Unknown 23542JFE0,5.0,Oct01'24,NoMD,NoMD,Aug 17 '17,0.19,Semi-Annual,100.290,3.379,NoMD,99.288,NoMD,
MUNI Unknown 357144AG9,5.0,Oct01'24,NoMD,NoMD,Aug 22 '17,0.19,Semi-Annual,100.320,3.2198,NoMD,99.144,NoMD,
MUNI 986082YT6,5.0,Oct01'24,A2 (MOODY),NoMD,Sep 06 '17,0.19,Semi-Annual,100.449,2.5363,NoMD,99.283,NoMD,
MUNI Unknown 612448PH7,5.0,Oct01'24,,,Oct 05 '17,0.19,Semi-Annual,100.340,3.1137,,99.273,,
MUNI 546417BB1,5.0,Oct01'24,AA2 (MOODY),NoMD,Sep 20 '17,0.19,Semi-Annual,100.476,2.3934,NoMD,99.232,NoMD,
MUNI 60412AKL6,5.0,Oct01'24,AAA (MOODY),,Oct 11 '17,0.19,Semi-Annual,100.488,2.33,,99.232,,
MUNI 60412ALV3,5.0,Oct01'24,AAA (MOODY),NoMD,Oct 11 '17,0.19,Semi-Annual,100.330,3.1667,NoMD,99.232,NoMD,
MUNI 60412AJY0,5.0,Oct01'24,AAA (MOODY),,Oct 11 '17,0.19,Semi-Annual,100.340,3.1137,,99.144,,
MUNI 64990CN72,5.0,Oct01'24,AA3 (MOODY),,Nov 09 '17,0.19,Semi-Annual,100.330,3.1667,,99.232,,
MUNI Unknown 64990CJ44,5.0,Oct01'24,NoMD,NoMD,Nov 09 '17,0.19,Semi-Annual,100.452,2.5204,NoMD,99.232,NoMD,
MUNI Unknown 64990CJ51,4.0,Oct01'24,NoMD,NoMD,Nov 09 '17,0.19,Semi-Annual,100.260,2.5641000000000003,NoMD,99.020,NoMD,
MUNI 677524BJ8,5.0,Oct01'24,AA1 (MOODY),NoMD,Nov 07 '17,0.19,Semi-Annual,100.300,3.3259000000000003,NoMD,99.288,NoMD,
MUNI 362848TW3,5.0,Oct01'24,AA3 (MOODY),NoMD,Nov 07 '17,0.19,Semi-Annual,100.440,2.5839000000000003,NoMD,99.232,NoMD,
MUNI Unknown 414005XZ6,5.0,Oct01'24,,,Dec 07 '17,0.19,Semi-Annual,100.476,2.3934,,99.268,,
MUNI Unknown 414005XF0,5.0,Oct01'24,NoMD,NoMD,Dec 07 '17,0.19,Semi-Annual,100.468,2.4357,NoMD,99.232,NoMD,
MUNI Unknown 845040LM4,5.0,Oct01'24,NoMD,NoMD,Dec 20 '17,0.19,Semi-Annual,100.519,2.1661,NoMD,99.232,NoMD,
MUNI 63165TZP3,5.0,Oct01'24,AA2 (MOODY),,Dec 21 '17,0.19,Semi-Annual,100.368,2.9650000000000003,,99.232,,
MUNI 46613P3D6,5.0,Oct01'24,AA2 (MOODY),,Dec 21 '17,0.19,Semi-Annual,100.453,2.5151000000000003,,99.247,,
MUNI 032556CN0,5.0,Oct01'24,AA3 (MOODY),,Dec 21 '17,0.19,Semi-Annual,100.340,3.1137,,99.232,,
MUNI 30382AGC0,5.0,Oct01'24,AAA (MOODY),,Jan 24 '18,0.19,Semi-Annual,100.310,3.2728,,99.124,,
MUNI 686507HQ0,5.0,Oct01'24,AA2 (MOODY),,Jan 26 '18,0.19,Semi-Annual,100.350,3.061,,99.232,,
MUNI 13034AYL8,5.0,Oct01'24,AAA (MOODY),,Mar 08 '18,0.19,Semi-Annual,100.439,2.589,,99.232,,
MUNI 13063DFT0,5.0,Oct01'24,AA2 (MOODY),,Mar 15 '18,0.19,Semi-Annual,100.350,3.0607,,99.175,,
MUNI 03588HUC8,5.0,Oct01'24,AAA (MOODY),,Mar 29 '18,0.19,Semi-Annual,100.508,2.2242,,99.232,,
MUNI 254845PL8,5.0,Oct01'24,AA1 (MOODY),,Apr 30 '18,0.19,Semi-Annual,100.310,3.2728,,99.232,,
MUNI 65887PTY1,5.0,Oct01'24,AAA (MOODY),,May 30 '18,0.19,Semi-Annual,100.478,2.3829000000000002,,99.232,,
MUNI 57584YKC2,5.0,Oct01'24,A1 (MOODY),,Jul 25 '18,0.19,Semi-Annual,100.310,3.2728,,99.283,,
MUNI Unknown 67920QPF9,5.0,Oct01'24,,,Jul 18 '18,0.19,Semi-Annual,100.310,3.2728,,99.257,,
MUNI 186387UK0,5.0,Oct01'24,AA3 (MOODY),NoMD,Jul 19 '18,0.19,Semi-Annual,100.453,2.5151000000000003,NoMD,99.247,NoMD,
MUNI 79768HEW4,5.0,Oct01'24,AA2 (MOODY),NoMD,Aug 09 '18,0.19,Semi-Annual,100.310,3.2728,NoMD,99.144,NoMD,
MUNI Unknown 59333P3L0,3.405,Oct01'24,NoMD,NoMD,Aug 30 '18,0.19,Semi-Annual,99.580,5.6252,NoMD,98.859,NoMD,
MUNI 574204L43,5.0,Oct01'24,AA1 (MOODY),NoMD,Oct 03 '18,0.19,Semi-Annual,100.370,2.955,NoMD,99.232,NoMD,
MUNI 752598BQ4,5.0,Oct01'24,AA3 (MOODY),,Sep 26 '18,0.19,Semi-Annual,100.375,2.928,,99.232,,
MUNI 882724JA6,5.0,Oct01'24,AAA (MOODY),,Oct 11 '18,0.19,Semi-Annual,100.340,3.1137,,99.211,,
MUNI Unknown 207758XY4,5.0,Oct01'24,,,Oct 25 '18,0.19,Semi-Annual,100.330,3.1667,,99.257,,
MUNI Unknown 207758YX5,5.0,Oct01'24,,,Oct 25 '18,0.19,Semi-Annual,100.250,3.5914,,99.232,,
MUNI 786110UB0,5.0,Oct01'24,A2 (MOODY),NoMD,Nov 28 '18,0.19,Semi-Annual,100.340,3.1137,NoMD,99.232,NoMD,
MUNI Unknown 59447TSU8,5.0,Oct01'24,,,Dec 19 '18,0.19,Semi-Annual,100.473,2.4093,,99.149,,
MUNI 30382AGX4,4.0,Oct01'24,AAA (MOODY),,Feb 12 '19,0.19,Semi-Annual,100.206,2.851,,99.020,,
MUNI Unknown 768874UD9,5.0,Oct01'24,,,Feb 26 '19,0.19,Semi-Annual,100.382,2.891,,99.232,,
MUNI 13034AZV5,5.0,Oct01'24,AAA (MOODY),NoMD,May 09 '19,0.19,Semi-Annual,100.340,3.1137,NoMD,99.273,NoMD,
MUNI 702503BR3,5.0,Oct01'24,AA1 (MOODY),NoMD,Jun 19 '19,0.19,Semi-Annual,100.458,2.4886,NoMD,99.232,NoMD,
MUNI 731127CT1,5.0,Oct01'24,AA3 (MOODY),,Jun 06 '19,0.19,Semi-Annual,100.457,2.4939,,99.232,,
MUNI 64990GMZ2,5.0,Oct01'24,AA3 (MOODY),,Jun 17 '19,0.19,Semi-Annual,100.423,2.674,,99.232,,
MUNI 796815ZA9,5.0,Oct01'24,AA2 (MOODY),,Jul 02 '19,0.19,Semi-Annual,100.342,3.1031,,99.232,,
MUNI Unknown 607767BU3,5.0,Oct01'24,NoMD,NoMD,Jul 16 '19,0.19,Semi-Annual,100.379,2.9069000000000003,NoMD,99.124,NoMD,
MUNI 13063DPR3,4.0,Oct01'24,AA2 (MOODY),,Sep 17 '19,0.19,Semi-Annual,100.305,2.3249,,99.020,,
MUNI 71781QEY0,5.0,Oct01'24,A1 (MOODY),,Sep 18 '19,0.19,Semi-Annual,100.473,2.4093,,99.232,,
MUNI 956704ZU7,5.0,Oct01'24,AA3 (MOODY),,Sep 25 '19,0.19,Semi-Annual,100.455,2.5045,,99.232,,
MUNI 392274Y67,5.0,Oct01'24,AA3 (MOODY),,Oct 03 '19,0.19,Semi-Annual,100.444,2.5627,,99.232,,
MUNI 574204M83,5.0,Oct01'24,AA1 (MOODY),,Oct 17 '19,0.19,Semi-Annual,100.522,2.1503,,99.232,,
MUNI 677522P32,5.0,Oct01'24,AA1 (MOODY),,Nov 05 '19,0.19,Semi-Annual,100.320,3.2198,,99.232,,
MUNI 25477GPU3,5.0,Oct01'24,AA1 (MOODY),NoMD,Dec 04 '19,0.19,Semi-Annual,100.406,2.7640000000000002,NoMD,99.144,NoMD,
MUNI 56041MTG9,5.0,Oct01'24,AA2 (MOODY),,Jan 16 '20,0.19,Semi-Annual,100.436,2.6051,,99.232,,
MUNI 25477GSC0,5.0,Oct01'24,AA1 (MOODY),,Mar 11 '20,0.19,Semi-Annual,100.512,2.2031,,99.232,,
MUNI 197486MQ3,4.0,Oct01'24,AA1 (MOODY),NoMD,Mar 18 '20,0.19,Semi-Annual,100.140,3.2031,NoMD,99.106,NoMD,
MUNI 348172UX3,5.0,Oct01'24,A1 (MOODY),,Jun 03 '20,0.19,Semi-Annual,100.428,2.6474,,99.232,,
MUNI Unknown 95874TBX6,5.0,Oct01'24,,,Jul 08 '20,0.19,Semi-Annual,100.419,2.6950000000000003,,99.273,,
MUNI Unknown 67920QVT2,4.0,Oct01'24,,,Jul 08 '20,0.19,Semi-Annual,100.308,2.309,,99.020,,
MUNI Unknown 57584YA82,5.0,Oct01'24,,,Jul 16 '20,0.19,Semi-Annual,100.370,2.9546,,99.283,,
MUNI 7342606B3,5.0,Oct01'24,AAA (MOODY),,Aug 12 '20,0.19,Semi-Annual,100.320,3.2198,,99.211,,
MUNI 64613ADS8,1.441,Oct01'24,AA2 (MOODY),,Aug 12 '20,0.19,Semi-Annual,99.250,5.4872000000000005,,98.588,,
MUNI 11502RAU4,5.0,Oct01'24,AA1 (MOODY),NoMD,Sep 23 '20,0.19,Semi-Annual,100.354,3.039,NoMD,99.232,NoMD,
MUNI 55844RTF1,4.0,Oct01'24,AAA (MOODY),NoMD,Oct 15 '20,0.19,Semi-Annual,100.090,3.4697,NoMD,98.889,NoMD,
MUNI 67755LFW4,5.0,Oct01'24,AA1 (MOODY),,Sep 24 '20,0.19,Semi-Annual,100.487,2.3353,,99.273,,
MUNI 586200SD0,5.0,Oct01'24,AA2 (MOODY),,Oct 15 '20,0.19,Semi-Annual,100.450,2.531,,99.273,,
MUNI 574204P49,5.0,Oct01'24,AA1 (MOODY),,Oct 22 '20,0.19,Semi-Annual,100.459,2.4834,,99.232,,
MUNI 786110VA1,5.0,Oct01'24,A1 (MOODY),,Oct 22 '20,0.19,Semi-Annual,100.384,2.8800000000000003,,99.232,,
MUNI Unknown 64763FXR5,5.0,Oct01'24,,,Nov 10 '20,0.19,Semi-Annual,100.435,2.6104000000000003,,99.232,,
MUNI 622503WX4,5.0,Oct01'24,AAA (MOODY),,Nov 24 '20,0.19,Semi-Annual,100.401,2.79,,99.232,,
MUNI 677524EF3,5.0,Oct01'24,AA1 (MOODY),,Apr 21 '21,0.19,Semi-Annual,100.468,2.4357,,99.232,,
MUNI 592647JT9,5.0,Oct01'24,AA3 (MOODY),,Jul 08 '21,0.19,Semi-Annual,100.310,3.273,,99.232,,
MUNI 154123ZF3,4.0,Oct01'24,A1 (MOODY),,Aug 04 '21,0.19,Semi-Annual,100.156,3.1180000000000003,,99.075,,
MUNI 414019AC3,5.0,Oct01'24,AAA (MOODY),,Aug 05 '21,0.19,Semi-Annual,100.320,3.2198,,99.232,,
MUNI Unknown 469487SE3,4.0,Oct01'24,,,Sep 22 '21,0.19,Semi-Annual,100.265,2.5375,,99.020,,
MUNI 30382LFY9,5.0,Oct01'24,AA1 (MOODY),,Nov 23 '21,0.19,Semi-Annual,100.414,2.722,,99.232,,
MUNI 931579BL9,4.0,Oct01'24,AA1 (MOODY),,Dec 21 '21,0.19,Semi-Annual,100.120,3.3097000000000003,,98.898,,
MUNI Unknown 151391AA7,4.0,Oct01'24,,,Jan 25 '22,0.19,Semi-Annual,100.156,3.1180000000000003,,99.044,,
MUNI 914745HZ0,5.0,Oct01'24,AA2 (MOODY),NoMD,Mar 22 '22,0.19,Semi-Annual,100.260,3.5383,NoMD,99.273,NoMD,
MUNI Unknown 679384NP8,5.0,Oct01'24,NoMD,NoMD,Jul 19 '22,0.19,Semi-Annual,100.270,3.4851,NoMD,99.273,NoMD,
MUNI Unknown 59266TUB5,5.0,Oct01'24,NoMD,NoMD,Jul 07 '22,0.19,Semi-Annual,100.517,2.1767000000000003,NoMD,99.273,NoMD,
MUNI 414005R75,5.0,Oct01'24,AAA (MOODY),,Jul 27 '22,0.19,Semi-Annual,100.478,2.3829000000000002,,99.268,,
MUNI 70914PX49,5.0,Oct01'24,AA3 (MOODY),NoMD,Sep 22 '22,0.19,Semi-Annual,100.379,2.907,NoMD,99.232,NoMD,
MUNI 65000BSY5,5.0,Oct01'24,AA3 (MOODY),,Oct 04 '22,0.19,Semi-Annual,100.448,2.5416000000000003,,99.232,,
MUNI 55844RWP5,5.0,Oct01'24,AAA (MOODY),,Oct 06 '22,0.19,Semi-Annual,100.464,2.4569,,99.144,,
MUNI 45203MJB8,5.5,Oct01'24,AAA (MOODY),,Dec 01 '22,0.19,Semi-Annual,100.542,2.5304,,99.337,,
MUNI 240523ZB9,5.0,Oct01'24,AA3 (MOODY),,Dec 14 '22,0.19,Semi-Annual,100.474,2.404,,99.232,,
MUNI 45203MKE0,3.2,Oct01'24,AAA (MOODY),NoMD,Mar 29 '23,0.19,Semi-Annual,99.920,3.5966,NoMD,98.958,NoMD,
MUNI 13063D3U0,5.0,Oct01'24,AA2 (MOODY),,Apr 13 '23,0.19,Semi-Annual,100.442,2.573,,99.232,,
MUNI 03588JAB8,5.0,Oct01'24,AAA (MOODY),,Apr 27 '23,0.19,Semi-Annual,100.503,2.2507,,99.232,,
MUNI 65000BYF9,5.0,Oct01'24,AA3 (MOODY),,Jun 15 '23,0.19,Semi-Annual,100.330,3.1667,,99.268,,
MUNI 4787004T1,5.0,Oct01'24,AAA (MOODY),,Jun 29 '23,0.19,Semi-Annual,100.457,2.4939,,99.232,,
MUNI Unknown 546458DP2,5.0,Oct01'24,,,Jul 11 '23,0.19,Semi-Annual,100.351,3.055,,99.283,,
MUNI 57584Y5C9,5.0,Oct01'24,AA3 (MOODY),,Jul 12 '23,0.19,Semi-Annual,100.396,2.817,,99.232,,
MUNI Unknown 537713NU9,5.0,Oct01'24,NoMD,NoMD,Sep 21 '23,0.19,Semi-Annual,100.320,3.2198,NoMD,99.144,NoMD,
MUNI 523714PJ6,5.0,Oct01'24,AA2 (MOODY),,Oct 11 '23,0.19,Semi-Annual,100.270,3.4851,,99.211,,
MUNI 13068XHW2,5.0,Oct01'24,AA3 (MOODY),,Apr 20 '17,0.19,Semi-Annual,100.320,3.2198,,99.232,,
MUNI 60954PMP6,5.0,Oct01'24,AAA (MOODY),NoMD,Nov 15 '23,0.19,Principal at Maturity,100.380,2.849,NoMD,99.232,NoMD,
MUNI 13034A4A5,5.0,Oct01'24,AAA (MOODY),,Mar 13 '24,0.19,Principal at Maturity,100.500,2.261,,99.232,,
MUNI Unknown 9622007W5,4.0,Oct15'24,NoMD,NoMD,Oct 15 '15,0.23,Semi-Annual,100.350,2.4095,NoMD,98.912,NoMD,
MUNI 20772J3T7,5.0,Oct15'24,AA3 (MOODY),NoMD,Oct 26 '16,0.23,Semi-Annual,100.561,2.4591000000000003,NoMD,99.160,NoMD,
MUNI Unknown 960096V36,5.0,Oct15'24,,,Oct 31 '17,0.23,Semi-Annual,100.360,3.342,,99.211,,
MUNI 059189UQ1,5.0,Oct15'24,AA2 (MOODY),,Nov 15 '17,0.23,Semi-Annual,100.567,2.4328000000000003,,99.175,,
MUNI Unknown 400442GT0,5.0,Oct15'24,,,Aug 07 '19,0.23,Semi-Annual,100.457,2.9155,,99.175,,
MUNI Unknown 882854W65,5.0,Oct15'24,,,Oct 10 '19,0.23,Semi-Annual,100.559,2.4678,,99.180,,
MUNI 95736VAE2,5.0,Oct15'24,AA1 (MOODY),,Oct 28 '20,0.23,Semi-Annual,100.570,2.4196,,99.201,,
MUNI 59447TT94,0.55,Oct15'24,A1 (MOODY),,May 04 '15,0.23,Semi-Annual,99.360,3.4111000000000002,,97.977,,
MUNI 77355PF73,4.0,Oct15'24,AA1 (MOODY),,Aug 11 '21,0.23,Semi-Annual,100.244,2.8770000000000002,,98.789,,
MUNI Unknown 093851XT5,5.0,Oct15'24,NoMD,NoMD,Aug 17 '21,0.23,Semi-Annual,100.380,3.254,NoMD,99.216,NoMD,
MUNI 423774EU8,4.0,Oct15'24,AA2 (MOODY),,Feb 23 '22,0.23,Semi-Annual,100.150,3.2922000000000002,,,,
MUNI 594615KT2,5.0,Oct15'24,AA2 (MOODY),,Aug 02 '23,0.23,Semi-Annual,100.428,3.043,,99.160,,
MUNI Unknown 88285ACJ5,5.0,Oct15'24,,,Oct 12 '23,0.23,Semi-Annual,100.400,3.1660000000000004,,99.072,,
MUNI 41422EEP4,5.0,Nov01'24,AA1 (MOODY),NoMD,Apr 22 '14,0.28,Semi-Annual,100.655,2.5235000000000003,NoMD,99.108,NoMD,
MUNI 880558FQ9,5.0,Nov01'24,AA1 (MOODY),,Aug 27 '14,0.28,Semi-Annual,100.658,2.5124,,99.021,,
MUNI 6133404C9,5.0,Nov01'24,AAA (MOODY),,Nov 19 '14,0.28,Semi-Annual,100.550,2.9092000000000002,,99.072,,
MUNI 13063CQC7,5.0,Nov01'24,AA2 (MOODY),NoMD,Nov 25 '14,0.28,Semi-Annual,100.638,2.5859,NoMD,99.098,NoMD,
MUNI 6530633X3,5.0,Nov01'24,AAA (MOODY),NoMD,Jan 29 '15,0.28,Semi-Annual,100.750,2.1751,NoMD,99.072,NoMD,
MUNI 047870MS6,5.0,Nov01'24,AA2 (MOODY),,Mar 12 '15,0.28,Semi-Annual,100.576,2.8136,,99.108,,
MUNI 64971WPM6,5.0,Nov01'24,AA1 (MOODY),,Mar 12 '15,0.28,Semi-Annual,100.593,2.7511,,99.072,,
MUNI 696543PE1,4.0,Nov01'24,AAA (MOODY),,May 20 '15,0.28,Semi-Annual,100.399,2.4863,,98.804,,
MUNI Unknown 6276786P5,5.0,Nov01'24,,,Jun 02 '15,0.28,Semi-Annual,100.533,2.972,,99.098,,
MUNI 416489RT1,5.0,Nov01'24,AA2 (MOODY),,Nov 03 '15,0.28,Semi-Annual,100.678,2.4391000000000003,,99.072,,
MUNI 83755VZM9,5.0,Nov01'24,WR (MOODY),,Oct 21 '15,0.28,Semi-Annual,100.580,2.7989,,99.072,,
MUNI 677522GW8,5.0,Nov01'24,AAA (MOODY),,Nov 03 '15,0.28,Semi-Annual,100.660,2.5051,,99.072,,
MUNI 45470YCU3,5.0,Nov01'24,AA3 (MOODY),,Feb 04 '16,0.28,Semi-Annual,100.619,2.6556,,99.072,,
MUNI 97705MBK0,5.0,Nov01'24,AA1 (MOODY),,Mar 08 '16,0.28,Semi-Annual,100.696,2.373,,99.072,,
MUNI 49151FNH9,5.0,Nov01'24,A1 (MOODY),,Mar 23 '16,0.28,Semi-Annual,100.457,3.2520000000000002,,99.072,,
MUNI 92818L2M3,5.0,Nov01'24,AAA (MOODY),,May 25 '16,0.28,Semi-Annual,100.680,2.4317,,99.108,,
MUNI Unknown 544587G28,5.0,Nov01'24,,,Jun 01 '16,0.28,Semi-Annual,100.557,2.883,,99.026,,
MUNI 594612CQ4,5.0,Nov01'24,AA1 (MOODY),,Jun 30 '16,0.28,Semi-Annual,100.642,2.5712,,99.072,,
MUNI 97705MEA9,5.0,Nov01'24,AA1 (MOODY),,Aug 25 '16,0.28,Semi-Annual,100.721,2.2814,,99.072,,
MUNI 13068LYR0,5.0,Nov01'24,AA3 (MOODY),,Oct 13 '16,0.28,Semi-Annual,100.547,2.92,,99.072,,
MUNI 79765RK65,3.0,Nov01'24,AA2 (MOODY),,Oct 20 '16,0.28,Semi-Annual,99.908,3.3215000000000003,,98.611,,
MUNI 574204C92,5.0,Nov01'24,AA1 (MOODY),,Nov 10 '16,0.28,Semi-Annual,100.493,3.119,,99.129,,
MUNI 64971WT91,5.0,Nov01'24,AA1 (MOODY),NoMD,Mar 22 '17,0.28,Semi-Annual,100.657,2.5161000000000002,NoMD,99.072,NoMD,
MUNI 717893E23,5.0,Nov01'24,A1 (MOODY),,Aug 10 '17,0.28,Semi-Annual,100.643,2.5675000000000003,,99.072,,
MUNI 880558JD4,5.0,Nov01'24,AA1 (MOODY),NoMD,Sep 21 '17,0.28,Semi-Annual,100.652,2.5345,NoMD,99.072,NoMD,
MUNI 880558JZ5,5.0,Nov01'24,AA1 (MOODY),NoMD,Sep 21 '17,0.28,Semi-Annual,100.465,3.2221,NoMD,99.134,NoMD,
MUNI 677522QY3,5.0,Nov01'24,AAA (MOODY),,Oct 03 '17,0.28,Semi-Annual,100.553,2.898,,99.098,,
MUNI 41422EGY3,5.0,Nov01'24,AA1 (MOODY),,Nov 08 '17,0.28,Semi-Annual,100.666,2.4831000000000003,,99.108,,
MUNI 97705MJG1,5.0,Nov01'24,AA1 (MOODY),NoMD,Nov 15 '17,0.28,Semi-Annual,100.450,3.2774,NoMD,99.072,NoMD,
MUNI 6133406P8,4.0,Nov01'24,AAA (MOODY),,Nov 15 '17,0.28,Semi-Annual,100.290,2.8887,,98.703,,
MUNI 160069YK0,5.0,Nov01'24,AAA (MOODY),,Nov 30 '17,0.28,Semi-Annual,100.625,2.6336,,99.072,,
MUNI Unknown 167736N86,5.0,Nov01'24,NoMD,NoMD,Dec 21 '17,0.28,Semi-Annual,100.440,3.3142,NoMD,99.124,NoMD,
MUNI 67227WDA0,5.0,Nov01'24,AA2 (MOODY),NoMD,May 23 '18,0.28,Semi-Annual,100.619,2.6556,NoMD,99.108,NoMD,
MUNI 16207RCZ8,5.0,Nov01'24,AA2 (MOODY),,Jul 27 '18,0.28,Semi-Annual,100.557,2.883,,99.123,,
MUNI Unknown 611089AF0,5.0,Nov01'24,,,Nov 21 '18,0.28,Semi-Annual,100.492,3.123,,99.072,,
MUNI 34160PDY2,5.0,Nov01'24,AA1 (MOODY),NoMD,Dec 13 '18,0.28,Semi-Annual,100.503,3.0822000000000003,NoMD,99.072,NoMD,
MUNI 41422EHV8,5.0,Nov01'24,AA1 (MOODY),,Dec 20 '18,0.28,Semi-Annual,100.655,2.5235000000000003,,99.072,,
MUNI 92818MY87,5.0,Nov01'24,AAA (MOODY),,Nov 18 '15,0.28,Semi-Annual,100.706,2.3364000000000003,,99.072,,
MUNI 914245BX2,5.0,Nov01'24,AA1 (MOODY),,Jun 20 '19,0.28,Semi-Annual,100.476,3.1816,,99.134,,
MUNI Unknown 312673FC5,5.0,Nov01'24,NoMD,NoMD,Aug 15 '19,0.28,Semi-Annual,100.624,2.6373,NoMD,99.072,NoMD,
MUNI 2350364K3,2.039,Nov01'24,A1 (MOODY),NoMD,Aug 01 '19,0.28,Semi-Annual,99.180,5.1001,NoMD,98.132,NoMD,
MUNI 13068L4F9,5.0,Nov01'24,AA3 (MOODY),NoMD,Nov 13 '19,0.28,Semi-Annual,100.598,2.733,NoMD,99.072,NoMD,
MUNI Unknown 510849GC0,5.0,Nov01'24,,,Dec 17 '19,0.28,Semi-Annual,100.586,2.7769,,99.072,,
MUNI Unknown 04052ACT1,5.0,Nov01'24,AA2 (MOODY),,Apr 09 '20,0.28,Quarterly,100.456,3.2918000000000003,,99.072,,
MUNI 2350364Z0,5.0,Nov01'24,A1 (MOODY),,Aug 01 '20,0.28,Semi-Annual,100.644,2.5638,,99.072,,
MUNI Unknown 544587Y44,0.89,Nov01'24,NoMD,NoMD,Aug 20 '20,0.28,Semi-Annual,100.047,0.7138,NoMD,97.861,NoMD,
MUNI 13077DLJ9,5.0,Nov01'24,AA2 (MOODY),,Sep 17 '20,0.28,Semi-Annual,100.651,2.5381,,99.072,,
MUNI 010609FC4,5.0,Nov01'24,AA1 (MOODY),,Nov 04 '20,0.28,Semi-Annual,100.822,1.9115000000000002,,99.072,,
MUNI 64971XVW5,5.0,Nov01'24,AA1 (MOODY),,Nov 05 '20,0.28,Semi-Annual,100.670,2.4684,,99.072,,
MUNI Unknown 5445872S6,0.683,Nov01'24,,,Mar 04 '21,0.28,Semi-Annual,98.737,5.430000000000001,,98.600,,
MUNI 491189GC4,5.0,Nov01'24,A1 (MOODY),,May 03 '21,0.28,Semi-Annual,100.500,3.0932,,99.124,,
MUNI Unknown 143735XQ6,1.15,Nov01'24,,,Sep 03 '20,0.28,Semi-Annual,100.178,0.4872,,98.000,,
MUNI 438687UD5,5.0,Nov01'24,AA2 (MOODY),NoMD,Aug 04 '22,0.28,Semi-Annual,100.628,2.6226000000000003,NoMD,99.113,NoMD,
MUNI 23503CAC1,5.0,Nov01'24,A1 (MOODY),,Nov 01 '21,0.28,Semi-Annual,100.635,2.5969,,99.072,,
MUNI 13068XCM9,5.0,Nov01'24,AA3 (MOODY),NoMD,Nov 17 '21,0.28,Semi-Annual,100.627,2.6262000000000003,NoMD,99.108,NoMD,
MUNI 57582RT71,5.0,Nov01'24,AA1 (MOODY),NoMD,Nov 17 '21,0.28,Semi-Annual,100.690,2.395,NoMD,99.021,NoMD,
MUNI 207758F57,5.0,Nov01'24,AA3 (MOODY),,Dec 01 '21,0.28,Semi-Annual,100.675,2.4501,,99.072,,
MUNI 64971XZ50,5.0,Nov01'24,AA1 (MOODY),,Sep 07 '22,0.28,Semi-Annual,100.653,2.5308,,99.072,,
MUNI 914073HE4,5.0,Nov01'24,AA2 (MOODY),,Aug 17 '23,0.28,Semi-Annual,100.618,2.6593,,99.072,,
MUNI 23503CCJ4,5.0,Nov01'24,A1 (MOODY),NoMD,Sep 01 '23,0.28,Semi-Annual,100.446,3.2921,NoMD,99.134,NoMD,
MUNI 68609UHB4,5.0,Nov01'24,AA1 (MOODY),NoMD,Nov 14 '23,0.28,Semi-Annual,100.702,2.351,NoMD,99.124,NoMD,
MUNI 49151F3E8,5.0,Nov01'24,A1 (MOODY),,May 01 '24,0.28,Principal at Maturity,100.416,3.4027000000000003,,99.021,,
MUNI 4424355M1,5.0,Nov15'24,AA2 (MOODY),,Jul 01 '14,0.31,Semi-Annual,100.560,3.1362,,99.000,,
MUNI Unknown 97712DHH2,5.0,Nov15'24,,,Nov 12 '14,0.31,Semi-Annual,100.340,3.8473,,98.949,,
MUNI 13032UBP2,5.0,Nov15'24,AA3 (MOODY),,Nov 17 '15,0.31,Semi-Annual,100.782,2.4216,,98.949,,
MUNI 20772JR20,5.0,Nov15'24,AA3 (MOODY),NoMD,Dec 01 '15,0.31,Semi-Annual,100.701,2.682,NoMD,99.036,NoMD,
MUNI 44244CGG6,5.0,Nov15'24,AA2 (MOODY),,Mar 08 '16,0.31,Semi-Annual,100.682,2.7431,,99.000,,
MUNI Unknown 59259N2D4,4.0,Nov15'24,,,Mar 10 '16,0.31,Semi-Annual,100.338,2.8721,,98.703,,
MUNI Unknown 59259N2R3,5.0,Nov15'24,NoMD,NoMD,Mar 10 '16,0.31,Semi-Annual,100.730,2.5887000000000002,NoMD,99.000,NoMD,
MUNI 13032UDE5,5.0,Nov15'24,A1 (MOODY),,Aug 17 '16,0.31,Semi-Annual,100.461,3.456,,99.056,,
MUNI Unknown 865270YA4,3.0,Nov15'24,,,Nov 17 '16,0.31,Semi-Annual,99.969,3.0838,,98.446,,
MUNI 249182JW7,5.0,Nov15'24,AA3 (MOODY),,Dec 01 '16,0.31,Semi-Annual,100.717,2.6305,,99.000,,
MUNI 915730XJ9,5.0,Nov15'24,AA3 (MOODY),,Feb 23 '17,0.31,Semi-Annual,100.499,3.333,,99.062,,
MUNI 44244CMU8,5.0,Nov15'24,AA2 (MOODY),,May 01 '17,0.31,Semi-Annual,100.690,2.7174,,99.000,,
MUNI Unknown 59259N6X6,5.0,Nov15'24,,,May 17 '17,0.31,Semi-Annual,100.720,2.6209000000000002,,99.000,,
MUNI 68607DSU0,5.0,Nov15'24,AA1 (MOODY),,Jun 08 '17,0.31,Semi-Annual,100.615,2.959,,99.000,,
MUNI 73358WM27,5.0,Nov15'24,AA3 (MOODY),,Aug 17 '17,0.31,Semi-Annual,100.717,2.6305,,99.051,,
MUNI 0524762J6,5.0,Nov15'24,AA2 (MOODY),,Aug 22 '17,0.31,Semi-Annual,100.520,3.2652,,99.062,,
MUNI 829594LW8,5.0,Nov15'24,AA2 (MOODY),,Mar 27 '18,0.31,Semi-Annual,100.506,3.3104,,98.949,,
MUNI 13032UQX9,5.0,Nov15'24,A1 (MOODY),,Apr 04 '18,0.31,Semi-Annual,100.661,2.8107,,99.026,,
MUNI 186398KZ5,5.0,Nov15'24,A1 (MOODY),,Jun 27 '18,0.31,Semi-Annual,100.544,3.188,,98.995,,
MUNI 97712DU95,4.0,Nov15'24,AA2 (MOODY),NoMD,Jun 18 '13,0.31,Semi-Annual,100.348,2.8397,NoMD,98.673,NoMD,
MUNI 052414SA8,5.0,Nov15'24,AA3 (MOODY),,Aug 21 '19,0.31,Semi-Annual,100.678,2.7560000000000002,,99.000,,
MUNI 856706ZJ8,5.0,Nov15'24,AA1 (MOODY),,Sep 18 '19,0.31,Semi-Annual,100.720,2.6209000000000002,,99.000,,
MUNI 97712D2X3,5.0,Nov15'24,AA2 (MOODY),NoMD,Oct 23 '19,0.31,Semi-Annual,100.701,2.682,NoMD,99.000,NoMD,
MUNI Unknown 1823062Y5,3.0,Nov15'24,NoMD,NoMD,Dec 03 '19,0.31,Semi-Annual,99.841,3.5011,NoMD,98.467,NoMD,
MUNI 65000XAA8,5.0,Nov15'24,A1 (MOODY),NoMD,Apr 21 '22,0.31,Semi-Annual,100.615,2.959,NoMD,98.985,NoMD,
MUNI 914225HN0,5.0,Nov15'24,AA3 (MOODY),NoMD,Nov 15 '22,0.31,Semi-Annual,100.756,2.5052000000000003,NoMD,99.000,NoMD,
